object_number,split,pupil_tier,tile_row,tile_col,grad_mag_mean,grad_mag_std,grad_orient_entropy,laplacian_var,lbp_entropy,glcm_contrast,lab_chroma_mean,hue_circ_std
SK-A-106,pupil,tier1,0,0,0.1070573642,0.08749714534,2.977850843,0.003796488686,3.144074776,0.9093673708,11.04602092,0.09174626715
SK-A-106,pupil,tier1,0,22,0.08930016128,0.06523573637,2.99335581,0.002436463082,3.162876409,0.6411615843,8.474113492,0.1510339523
SK-A-106,pupil,tier1,1,21,0.09936162643,0.06950431283,2.984679099,0.002814207079,3.158355379,0.7241871237,12.38241691,0.07801457984
SK-A-106,pupil,tier1,2,20,0.1006698232,0.0715663394,2.99059685,0.002674694695,3.17199523,0.7042546132,13.96713944,0.07544586967
SK-A-106,pupil,tier1,3,19,0.0997233204,0.07031439772,2.98980797,0.002704722909,3.17975718,0.7096775671,14.94034115,0.05702398093
SK-A-106,pupil,tier1,4,18,0.1078417654,0.07735328727,2.990296992,0.003223023637,3.167775634,0.8178292269,14.70136396,0.05554384741
SK-A-106,pupil,tier1,5,16,0.1205411823,0.08543968194,2.990751165,0.004187806981,3.16051691,1.010082279,11.18272578,0.08261522724
SK-A-106,pupil,tier1,6,15,0.2454490287,0.1952651037,2.995293622,0.01604077166,3.133939386,3.463509977,26.1822237,0.1137200487
SK-A-106,pupil,tier1,7,14,0.3168452218,0.2095848733,2.990073993,0.02064279693,3.164272108,4.722757308,41.73934386,0.09537537025
SK-A-106,pupil,tier1,8,13,0.3572813826,0.2519557319,2.9933164,0.02557565583,3.133926484,5.897157335,33.14654026,0.1067015814
SK-A-106,pupil,tier1,9,12,0.1750929084,0.1274157868,2.97010316,0.0069644759,3.160057529,1.671025629,19.33715673,0.108306077
SK-A-106,pupil,tier1,10,10,0.1127575293,0.0757052562,2.965144199,0.003719188978,3.13739515,0.8964506854,18.80127115,0.1228754658
SK-A-106,pupil,tier1,11,9,0.09902873237,0.06488952284,2.976111802,0.00265358433,3.166124731,0.7002424816,12.82448392,0.1616116468
SK-A-106,pupil,tier1,12,8,0.1310703213,0.096362628,2.961193557,0.005839077054,3.099523603,1.295535336,6.749665038,0.1572242912
SK-A-106,pupil,tier1,13,7,0.09429500151,0.06698463993,2.967717004,0.002819897717,3.150009948,0.7268814468,8.52895325,0.1274425062
SK-A-106,pupil,tier1,14,6,0.08640931299,0.0604980827,2.982841595,0.001921758029,3.177590514,0.550173791,8.966712716,0.1321436524
SK-A-106,pupil,tier1,15,4,0.1177724893,0.07877947157,2.979000111,0.003180587506,3.184535454,0.8539283516,14.69855947,0.1628994981
SK-A-106,pupil,tier1,16,3,0.09397478712,0.06553003797,2.98416961,0.002368613879,3.1678882,0.6644514511,7.358845059,0.2058266603
SK-A-106,pupil,tier1,17,2,0.09877030976,0.07114081046,2.993844769,0.002580431747,3.162836465,0.7118838491,7.815298508,0.1579640364
SK-A-106,pupil,tier1,18,1,0.1168593277,0.1043007841,2.994840591,0.004212469948,3.156322261,1.053397369,6.535513347,0.1828144195
SK-A-1259,pupil,tier1,0,0,0.1740694469,0.2173759597,2.927921436,0.01648051695,2.947102182,2.972079711,0.4586688392,0.1683538233
SK-A-1259,pupil,tier1,0,6,0.1928895374,0.1800763103,2.959476463,0.01722839567,2.954860072,3.342201853,2.742639717,0.3151593227
SK-A-1259,pupil,tier1,1,3,0.2014557489,0.1889019759,2.958384236,0.01914927308,2.973512208,3.554613231,2.164622257,0.5168291605
SK-A-1259,pupil,tier1,1,9,0.2240918297,0.2367397785,2.903154429,0.02251408071,2.979938054,4.543843521,1.994057753,0.2504784053
SK-A-1259,pupil,tier1,2,6,0.1952059767,0.1923488844,2.952493239,0.01657657754,3.006386366,3.371536042,2.339401655,0.2211279986
SK-A-1259,pupil,tier1,3,2,0.2096012803,0.1821796316,2.92083619,0.01559203297,3.049813417,3.268991712,4.344738912,0.1865607735
SK-A-1259,pupil,tier1,3,9,0.2396015233,0.2076190439,2.917349977,0.02392788257,2.991508794,4.768436332,1.950974747,0.1092217505
SK-A-1259,pupil,tier1,4,5,0.1489902439,0.1281747561,2.994046011,0.004217743738,3.202453332,1.216327493,22.39022092,0.07946269276
SK-A-1259,pupil,tier1,5,2,0.2082406695,0.2059603364,2.934783848,0.01835212282,3.007450618,3.671901191,2.365821873,0.2616335164
SK-A-1259,pupil,tier1,5,8,0.1633619517,0.149971385,2.972856829,0.01035654213,3.097784989,2.23931422,9.890089564,0.2253512581
SK-A-1259,pupil,tier1,6,5,0.1524815831,0.1304664266,2.998639544,0.005980190237,3.176144603,1.465530081,15.04259005,0.08519087424
SK-A-1259,pupil,tier1,7,1,0.187606476,0.1770385387,2.928597126,0.01237524333,3.087019027,2.735156449,11.98714844,0.1074576757
SK-A-1259,pupil,tier1,7,8,0.1994928376,0.1947984234,2.925131691,0.01576384486,3.065688367,3.379799934,4.917429252,0.1722879994
SK-A-1259,pupil,tier1,8,4,0.09707861205,0.05993382396,2.993767672,0.002151280017,3.167128653,0.614402054,18.63396848,0.03964845409
SK-A-1259,pupil,tier1,9,1,0.1703135742,0.1341153673,2.987122824,0.007030132073,3.170661654,1.762645827,50.87942903,0.1235927703
SK-A-1259,pupil,tier1,9,7,0.1375226405,0.1094349638,2.983754904,0.003829166162,3.18895621,1.085150594,10.07775041,0.1427258905
SK-A-1259,pupil,tier1,10,4,0.1745742285,0.1455989839,2.974118208,0.008331314039,3.160130322,1.965812351,40.09352501,0.1334129604
SK-A-1259,pupil,tier1,11,0,0.1160898454,0.1475397107,2.935731319,0.005528369056,3.069501734,1.205420777,3.190005201,0.2898767149
SK-A-1259,pupil,tier1,11,7,0.1379437082,0.1126169308,2.997074428,0.003981867761,3.20227441,1.085303215,7.620810412,0.2997570494
SK-A-1259,pupil,tier1,12,3,0.1364865489,0.1281554442,2.986607079,0.005347854573,3.171739353,1.299715929,12.76169213,0.1902911727
SK-A-1591,pupil,tier1,0,0,0.095507596,0.06916902085,2.997336142,0.002353951468,3.183511382,0.6834725913,21.94281299,0.03936404399
SK-A-1591,pupil,tier1,1,0,0.1081880883,0.07023656017,2.998039472,0.003160590874,3.16587667,0.7958835938,22.47948268,0.03444131452
SK-A-1591,pupil,tier1,2,0,0.1104212658,0.0710225777,2.997035514,0.003312249525,3.162018931,0.8349915169,22.06074134,0.0363380676
SK-A-1591,pupil,tier1,3,0,0.1091016598,0.07788017256,2.996815047,0.003237094108,3.169547784,0.8353419516,21.00718984,0.04996089286
SK-A-1591,pupil,tier1,4,0,0.1072655165,0.07447518543,2.998442684,0.003271534276,3.167118289,0.8129984385,21.08567444,0.04441907498
SK-A-1591,pupil,tier1,5,0,0.1128221684,0.07608812836,2.995895434,0.00326667622,3.158150375,0.8539149137,22.33600916,0.04083219686
SK-A-1591,pupil,tier1,6,0,0.1132606592,0.07822913223,2.986228053,0.003430086376,3.169794345,0.8732719998,23.36676528,0.03127572169
SK-A-1591,pupil,tier1,7,0,0.1058995058,0.07163125771,2.991742635,0.003149160849,3.160446865,0.7926473282,24.29218444,0.03061696848
SK-A-1591,pupil,tier1,8,0,0.1134588466,0.08113093814,2.991564705,0.00403908797,3.133945283,0.9349674189,25.10310064,0.03483700252
SK-A-1591,pupil,tier1,9,0,0.1254895252,0.08604775084,2.996030059,0.004807437373,3.131424598,1.081137636,24.65272585,0.02864662342
SK-A-1591,pupil,tier1,10,0,0.1181913481,0.08734764061,2.989720257,0.00406557242,3.148968479,0.9768391814,21.44596154,0.0755859446
SK-A-1591,pupil,tier1,11,0,0.1551606799,0.1317426491,2.993232746,0.009834643866,3.114450474,1.924904584,11.988792,0.1262851491
SK-A-1591,pupil,tier1,12,0,0.1502459501,0.1396192379,2.996967787,0.01153168933,3.082220982,2.087092023,4.971655712,0.1221262565
SK-A-1591,pupil,tier1,13,0,0.1029827266,0.1106771975,2.994898037,0.004859745704,3.142951908,1.126966503,2.670439968,0.2025552087
SK-A-1591,pupil,tier1,14,0,0.09519331503,0.1122451542,2.991756452,0.00514188471,3.136829239,1.130135655,2.274096258,0.1652165864
SK-A-1591,pupil,tier1,15,0,0.07679495514,0.09587843512,2.98804978,0.00330819743,3.16187543,0.8255995976,2.101574506,
SK-A-1591,pupil,tier1,16,0,0.06691774478,0.07789943911,2.985246816,0.002034959043,3.173124937,0.6018936084,1.975895389,
SK-A-1591,pupil,tier1,17,0,0.05533721464,0.07609352805,2.982054958,0.001883488536,3.167042336,0.4793802832,1.761834542,
SK-A-1591,pupil,tier1,18,0,0.06378084128,0.07363566622,2.985946938,0.001917817225,3.16663435,0.5059429005,1.870114106,
SK-A-1591,pupil,tier1,19,0,0.06399987601,0.06677106141,2.986263857,0.001795096191,3.177104876,0.4568281459,2.049428122,
SK-A-1612,pupil,tier1,0,0,0.08167046903,0.06833334091,2.987358723,0.000894460171,3.180320301,0.3903145504,11.33874958,0.1393637989
SK-A-1612,pupil,tier1,0,6,0.138677199,0.1361677482,2.981933873,0.006048430086,3.19096032,1.349600018,15.31929383,0.1098838892
SK-A-1612,pupil,tier1,1,3,0.1189782995,0.09355177212,2.953748002,0.001783019741,3.192044109,0.6833009774,15.03630897,0.1367454198
SK-A-1612,pupil,tier1,1,9,0.09202926237,0.06212303113,2.988646872,0.001991818587,3.192794657,0.5798025614,10.55762541,1.319216366
SK-A-1612,pupil,tier1,2,6,0.06185876537,0.04674385906,2.980355329,0.0006400073573,3.185184748,0.3204741528,16.67982042,0.09258685968
SK-A-1612,pupil,tier1,3,2,0.08075351519,0.07159719709,2.984754768,0.0009642662055,3.187649618,0.4424046214,9.575517145,0.1639116695
SK-A-1612,pupil,tier1,3,9,0.1778678916,0.1537237889,2.992360389,0.009362144145,3.146908345,2.045818582,13.43969298,0.1847121462
SK-A-1612,pupil,tier1,4,5,0.04553181163,0.03273711294,2.99289672,0.0003119178813,3.136804203,0.1609156494,10.71786394,0.1508424459
SK-A-1612,pupil,tier1,5,2,0.05047663526,0.05577163324,2.987764932,0.0008468209379,3.153085318,0.2857837485,7.924180895,0.1692148366
SK-A-1612,pupil,tier1,5,8,0.1433534105,0.1060341171,2.967342223,0.003905342437,3.206438125,1.091147396,12.36655845,0.2595043732
SK-A-1612,pupil,tier1,6,5,0.06332716055,0.05011872054,2.990562202,0.0004702947659,3.1705001,0.2906721169,10.40409229,0.1417763633
SK-A-1612,pupil,tier1,7,1,0.05023224768,0.03657523641,2.990185286,0.0004739903648,3.158863057,0.244205216,8.493464789,0.1827534798
SK-A-1612,pupil,tier1,7,8,0.06551923354,0.04886573919,2.977995225,0.0008128266767,3.196173454,0.3423418615,6.459922347,0.2813231075
SK-A-1612,pupil,tier1,8,4,0.05083347222,0.04107573981,2.992654178,0.0005670562961,3.158140177,0.2552085492,10.21330313,0.163149931
SK-A-1612,pupil,tier1,9,1,0.06296879317,0.05509050505,2.989758716,0.001255612762,3.181505392,0.3817819017,8.751550229,0.1418637852
SK-A-1612,pupil,tier1,9,7,0.08627798949,0.1002694544,2.99709823,0.001725922771,3.197551197,0.6155981713,9.499819874,0.2618085395
SK-A-1612,pupil,tier1,10,4,0.07417859428,0.05539150173,2.984220574,0.000844794723,3.195522651,0.3626016095,7.931999912,0.1834413704
SK-A-1612,pupil,tier1,11,0,0.05263558911,0.03938409033,2.986039286,0.0005947619695,3.164855387,0.279965467,8.809602706,0.1225287631
SK-A-1612,pupil,tier1,11,7,0.1506887062,0.1513383765,2.997011097,0.004654520606,3.19567003,1.326175473,20.00299183,0.1958749901
SK-A-1612,pupil,tier1,12,3,0.1110458352,0.08822776461,2.985153265,0.001461434257,3.191506462,0.6061573052,20.62133909,0.1007302694
SK-A-1645,pupil,tier1,0,0,0.1494708757,0.128286171,2.997685954,0.006681041422,3.176031022,1.52699961,4.158831915,0.2106311811
SK-A-1645,pupil,tier1,0,12,0.2855140923,0.2484833588,2.996265885,0.03374717884,3.03160473,6.078110821,1.967813115,1.091049118
SK-A-1645,pupil,tier1,1,11,0.2935096907,0.2433697674,2.981657191,0.03505314724,3.066042865,6.209478477,1.507168051,1.08685036
SK-A-1645,pupil,tier1,2,9,0.2897818858,0.3138559626,2.995149508,0.04138623332,2.97550195,7.505187454,1.241876153,0.1131829086
SK-A-1645,pupil,tier1,3,8,0.3561550318,0.2925638955,2.995849853,0.06160037437,2.979131767,10.6658661,10.75996206,0.1261052596
SK-A-1645,pupil,tier1,4,7,0.291073617,0.216051855,2.983535841,0.03890987999,2.963814307,6.648673708,23.23688003,0.108236906
SK-A-1645,pupil,tier1,5,5,0.1957254246,0.156102857,2.991211908,0.01237598169,3.153715499,2.555581806,9.428733934,0.137762194
SK-A-1645,pupil,tier1,6,4,0.2634464347,0.2122971067,2.993949969,0.01943374128,3.147850127,4.026479513,7.886140559,1.164258782
SK-A-1645,pupil,tier1,7,2,0.2758873627,0.2559677548,2.99664046,0.01712467501,3.18445582,4.170281744,4.738798209,0.3207790482
SK-A-1645,pupil,tier1,8,1,0.2536504138,0.2386336223,2.992231903,0.01401894695,3.204681439,3.554581851,4.105852952,0.6128881379
SK-A-1645,pupil,tier1,9,0,0.04548160473,0.07215845044,2.896701438,0.001093688004,2.995802526,0.3410088134,0.8723443184,
SK-A-1645,pupil,tier1,9,12,0.264241313,0.2671975966,2.986564509,0.03353069147,3.022874888,6.192367761,8.661473993,0.1327292131
SK-A-1645,pupil,tier1,10,11,0.4459666457,0.3397814499,2.992890452,0.05683579365,3.102296706,11.45015825,6.003543466,0.2439713867
SK-A-1645,pupil,tier1,11,9,0.389764651,0.2723486123,2.992275033,0.04804786116,3.072715617,9.048249028,4.627969708,0.2551614167
SK-A-1645,pupil,tier1,12,8,0.3580631079,0.2444371553,2.971355649,0.03504198992,3.132911444,7.030121466,3.159449648,0.2508186172
SK-A-1645,pupil,tier1,13,7,0.3568622751,0.211583898,2.975840616,0.02972818426,3.140254934,6.035344354,4.908013991,0.2700591325
SK-A-1645,pupil,tier1,14,5,0.4003742731,0.2405262229,2.95359075,0.03482733192,3.151432587,7.291157681,8.592877505,0.2075225123
SK-A-1645,pupil,tier1,15,4,0.3613040167,0.2223503123,2.964728131,0.02996775,3.157281041,6.425891627,7.071986007,0.1386131437
SK-A-1645,pupil,tier1,16,2,0.1973673486,0.2122683546,2.99859336,0.01397563862,3.130695048,2.952002763,1.27260215,0.5593195009
SK-A-1645,pupil,tier1,17,1,0.1893031256,0.2175869231,2.99644631,0.01588893726,3.126318657,3.076310527,3.891294521,0.1331773302
SK-A-1646,pupil,tier1,0,0,0.1068887302,0.06734920513,2.986940542,0.001858014914,3.219482697,0.6338706965,9.312842306,0.1999172466
SK-A-1646,pupil,tier1,0,12,0.09583938864,0.06156706081,2.978977085,0.00155734952,3.218958662,0.5601339279,10.27940377,0.1729711363
SK-A-1646,pupil,tier1,1,11,0.091259651,0.06095865448,2.943931948,0.001373661331,3.220212018,0.5272358602,6.124044768,0.2745533523
SK-A-1646,pupil,tier1,2,9,0.1058750482,0.06151969469,2.912098686,0.002027409547,3.215906438,0.653664925,8.143756535,0.1360499689
SK-A-1646,pupil,tier1,3,8,0.09503105385,0.05902416435,2.920553963,0.00151768805,3.206211184,0.5431437773,4.52135078,0.3150496223
SK-A-1646,pupil,tier1,4,7,0.137518129,0.07831121443,2.998527165,0.001920650695,3.203451698,0.7626103929,26.31721832,0.06875179637
SK-A-1646,pupil,tier1,5,5,0.1268407693,0.1116171808,2.96112039,0.002426884934,3.214649276,0.8866741738,12.35128827,0.1437403052
SK-A-1646,pupil,tier1,6,4,0.1376853962,0.09062767839,2.86460211,0.003599756385,3.202664949,1.047485474,2.876044409,0.1559665751
SK-A-1646,pupil,tier1,7,2,0.1276302041,0.07718970225,2.905526012,0.003068652733,3.208261012,0.9002008919,3.37597227,0.2179489761
SK-A-1646,pupil,tier1,8,1,0.1134392836,0.06896889664,2.966067544,0.001842446324,3.21671861,0.6586088464,3.354384893,0.2966479686
SK-A-1646,pupil,tier1,9,0,0.09378299787,0.06280345028,2.987925083,0.001217678254,3.218165542,0.4999123913,5.347333486,0.1704019094
SK-A-1646,pupil,tier1,9,12,0.1205569375,0.07021676426,2.949520913,0.002626173212,3.2207336,0.8050957164,9.31070455,0.09268525662
SK-A-1646,pupil,tier1,10,11,0.1337240308,0.0836247709,2.969290378,0.002972589844,3.221270261,0.9157305226,9.035022012,0.2249570018
SK-A-1646,pupil,tier1,11,9,0.1508235706,0.1087090727,2.969338704,0.002854926113,3.223829758,1.017724427,8.919210748,0.2217867877
SK-A-1646,pupil,tier1,12,8,0.1255494524,0.0819499168,2.992383153,0.002136537115,3.225910585,0.7617387355,13.29225516,0.120621685
SK-A-1646,pupil,tier1,13,7,0.1734805875,0.1338382059,2.964851099,0.002649282596,3.18352327,1.145071844,13.31948378,0.1476452035
SK-A-1646,pupil,tier1,14,5,0.09942356125,0.06374115426,2.984494552,0.001361067872,3.216968443,0.5288008798,14.21311834,0.1443037755
SK-A-1646,pupil,tier1,15,4,0.08076197492,0.05412641204,2.961734292,0.0007472307573,3.194962717,0.3882337132,13.95623944,0.1532875417
SK-A-1646,pupil,tier1,16,2,0.08821715881,0.05492722539,2.959614713,0.001049782264,3.217045224,0.4451442878,8.14055532,0.2543999888
SK-A-1646,pupil,tier1,17,1,0.106986715,0.06409531747,2.980097602,0.001759994731,3.226648931,0.627226176,11.43709403,0.09770615548
SK-A-1935,cohort,,0,0,0.07607458387,0.04702104048,2.960222904,0.0008223986318,3.201018468,0.3680552678,8.483663624,0.1558642211
SK-A-1935,cohort,,0,4,0.1143968353,0.07891141761,2.964849879,0.002279364835,3.206514359,0.7244359864,12.87948723,0.2115598354
SK-A-1935,cohort,,0,9,0.2137613143,0.1552925185,2.969214888,0.007674537502,3.187108282,2.122169572,20.05659401,0.09602698684
SK-A-1935,cohort,,1,2,0.07396131149,0.04249221295,2.930964781,0.0008387937233,3.19849906,0.3671788808,11.10008229,0.1609214576
SK-A-1935,cohort,,1,7,0.1618447765,0.1099277888,2.96910889,0.003181312647,3.216377072,1.098290993,16.58350124,0.1163485016
SK-A-1935,cohort,,2,0,0.06898129211,0.04317014483,2.947537072,0.0008808231332,3.191218365,0.3585698842,15.8296505,0.1094503299
SK-A-1935,cohort,,2,4,0.07784970449,0.046793241,2.976019866,0.0008888086792,3.206665993,0.3878584298,13.36140371,0.1538501011
SK-A-1935,cohort,,2,9,0.1615065169,0.10381219,2.979286666,0.004866275774,3.199993001,1.319616534,16.58229937,0.1026728295
SK-A-1935,cohort,,3,2,0.0823456239,0.05015876236,2.961114621,0.001130288343,3.193633633,0.4311917631,14.74893937,0.1360695166
SK-A-1935,cohort,,3,7,0.08499812873,0.06080964573,2.956901299,0.001229986266,3.206412229,0.4736867709,12.51978704,0.2062332695
SK-A-1935,cohort,,4,0,0.1148623382,0.113854166,2.941381716,0.003206209495,3.184697932,0.9481991051,12.81316022,0.2978735005
SK-A-1935,cohort,,4,4,0.1333151379,0.1618228051,2.967211124,0.005094715431,3.189844851,1.374881011,17.03196092,0.1696541048
SK-A-1935,cohort,,4,9,0.09083784212,0.06172668628,2.959490485,0.001425463309,3.211473433,0.5134825008,16.03866745,0.1392091323
SK-A-1935,cohort,,5,2,0.08624277966,0.05927038834,2.957032575,0.00182899546,3.184159711,0.5352584718,10.58746027,0.1341668183
SK-A-1935,cohort,,5,7,0.07314497312,0.05837582763,2.96841453,0.001227024397,3.188650122,0.4380216357,17.07591971,0.05412546206
SK-A-1935,cohort,,6,0,0.1068800386,0.1003648613,2.998763194,0.002017580162,3.207825561,0.7076396709,14.67067531,0.1170538857
SK-A-1935,cohort,,6,4,0.2935719488,0.2406795006,2.998635833,0.01796008635,3.155153749,4.219746183,27.99720972,0.1168263208
SK-A-1935,cohort,,6,9,0.09143265093,0.06390336956,2.999058798,0.001240181827,3.209504315,0.4858271399,14.05469386,0.1911785011
SK-A-1935,cohort,,7,2,0.1329572878,0.1609054166,2.987859066,0.004173243831,3.20561674,1.272278801,21.03007139,0.0963975316
SK-A-1935,cohort,,7,7,0.0877884495,0.05894707704,2.970462904,0.001074569424,3.205210949,0.4466602105,16.53191141,0.1061541955
SK-A-218,pupil,tier2,0,0,0.06055076846,0.1066907223,2.69418538,0.0002431963988,2.436757432,0.2743320121,7.912513102,0.125980573
SK-A-218,pupil,tier2,0,6,0.08992899828,0.06804043034,2.987623901,0.002397246998,3.183051671,0.6616719217,11.8608362,0.08127661221
SK-A-218,pupil,tier2,1,2,0.09949214532,0.08402417025,2.967963217,0.003595893016,3.161359779,0.8955387895,8.542610226,0.1160630821
SK-A-218,pupil,tier2,1,8,0.08518859498,0.05718507615,2.945456037,0.002087730656,3.186509225,0.5907607765,12.31471353,0.06982829034
SK-A-218,pupil,tier2,2,4,0.09299600801,0.05440647425,2.995330484,0.001137184012,3.213750742,0.4703572662,30.80116242,0.05123889829
SK-A-218,pupil,tier2,3,0,0.07883133591,0.07043771261,2.961415512,0.002181568889,3.191350793,0.5914752338,11.22082687,0.1084965943
SK-A-218,pupil,tier2,3,6,0.09766298226,0.06107346312,2.977230415,0.001144217656,3.201207552,0.4987719022,41.37542404,0.02609054991
SK-A-218,pupil,tier2,4,2,0.06376072111,0.04115798216,2.99302164,0.0009049832725,3.196777298,0.3614995571,11.26600483,0.1472741417
SK-A-218,pupil,tier2,4,8,0.07667377809,0.05364006969,2.962597237,0.0015879687,3.190937269,0.5158901251,11.11164217,0.0801436475
SK-A-218,pupil,tier2,5,4,0.08318990703,0.04788429882,2.998423765,0.0006706430697,3.182965075,0.3633021786,38.57382097,0.05002585112
SK-A-218,pupil,tier2,6,0,0.09174312366,0.07337959204,2.93662603,0.003292653716,3.139807717,0.7566109635,10.30970856,0.06959115158
SK-A-218,pupil,tier2,6,6,0.09121173693,0.06108533242,2.997114661,0.0009128625045,3.184844329,0.4408258637,26.56688162,0.1229190581
SK-A-218,pupil,tier2,7,2,0.09212599694,0.06294105785,2.974920618,0.001621706107,3.213037349,0.5390851013,12.96378108,0.07889740576
SK-A-218,pupil,tier2,7,8,0.08174987605,0.06164282739,2.962732243,0.002073332867,3.185584582,0.581857574,10.49136669,0.05450630821
SK-A-218,pupil,tier2,8,4,0.07626635764,0.05196106821,2.993203215,0.0008755741375,3.2019275,0.3881012867,18.22392412,0.1348919617
SK-A-218,pupil,tier2,9,0,0.05417475495,0.0555371564,2.9560801,0.0009522223369,3.149973816,0.2533650887,4.171852701,0.23277875
SK-A-218,pupil,tier2,9,6,0.1589988965,0.1756216523,2.989683262,0.005906213791,3.204185482,1.629206342,19.97572293,0.08004062962
SK-A-218,pupil,tier2,10,2,0.1017584271,0.1316280135,2.949795671,0.004478926766,3.167333204,1.101238608,5.053128188,0.08832628431
SK-A-218,pupil,tier2,10,8,0.09708033571,0.1120106643,2.982997267,0.002387386656,3.187808443,0.7457327748,12.83444713,0.151879542
SK-A-218,pupil,tier2,11,4,0.06397228335,0.04393390053,2.981247893,0.001090287952,3.189843272,0.4441187334,6.657627902,0.1071585346
SK-A-245,pupil,tier1,0,0,0.1192495814,0.1248348047,2.996111812,0.003458549253,3.205192861,1.02994745,10.94541095,0.1299748041
SK-A-245,pupil,tier1,1,22,0.04638638206,0.04109940811,2.980061044,0.0003101206537,3.13460669,0.1353685269,5.596565232,0.2200327685
SK-A-245,pupil,tier1,3,16,0.04347351646,0.0369932813,2.950641524,0.0001827883704,3.067590323,0.1056639341,0.8803965138,
SK-A-245,pupil,tier1,5,11,0.0767939276,0.08297879488,2.99240599,0.0008430969197,3.157184947,0.3698001592,1.040866296,
SK-A-245,pupil,tier1,7,5,0.1005703695,0.07174011553,2.998438717,0.001951487855,3.213739414,0.6301740162,24.64752149,0.07743788953
SK-A-245,pupil,tier1,9,0,0.1340676858,0.1002297012,2.996945312,0.003625177046,3.201903048,1.035773539,35.59053608,0.06901802729
SK-A-245,pupil,tier1,10,22,0.05620545453,0.0485871841,2.988337999,0.0003868808753,3.133920555,0.2805905139,6.409178585,0.1431083957
SK-A-245,pupil,tier1,12,16,0.1338794471,0.09391206131,2.997329528,0.003305765596,3.203115366,0.9781259102,32.26976993,0.03817714646
SK-A-245,pupil,tier1,14,11,0.06039734151,0.06012167753,2.986454887,0.0004315100382,3.117960531,0.2759992793,1.244721654,
SK-A-245,pupil,tier1,16,5,0.1371542483,0.1054402011,2.98838949,0.00436398407,3.210849331,1.158659895,17.70308499,0.08360618623
SK-A-245,pupil,tier1,18,0,0.2033557499,0.1915241662,2.915337567,0.01073105502,3.151443432,2.737708061,8.114420354,0.1758609707
SK-A-245,pupil,tier1,19,22,0.06610083654,0.05810081117,2.99138775,0.0005111423734,3.152038578,0.3282888158,4.08834041,0.1008062957
SK-A-245,pupil,tier1,21,16,0.1754982805,0.139462109,2.997076628,0.003997498907,3.208924119,1.360082729,21.90625151,0.162565962
SK-A-245,pupil,tier1,23,11,0.1973187579,0.137870893,2.993705681,0.006445369356,3.190429743,1.810949732,33.15698961,0.05798859691
SK-A-245,pupil,tier1,25,5,0.1789595313,0.128438857,2.995733824,0.005112757144,3.215231813,1.508714097,16.96012814,0.07998225747
SK-A-245,pupil,tier1,27,0,0.1409992427,0.1018636131,2.976024705,0.003118887524,3.220276588,1.000623921,11.80706424,0.1253368144
SK-A-245,pupil,tier1,28,22,0.05843014115,0.04618333595,2.984209403,0.0003400297419,3.143522982,0.2624034953,5.236883708,0.1112815261
SK-A-245,pupil,tier1,30,16,0.05526473477,0.04711536517,2.988070688,0.0004753344379,3.164408181,0.2539377355,8.704196699,0.1362683276
SK-A-245,pupil,tier1,32,11,0.08177514682,0.07787747517,2.99216039,0.001003850811,3.191755621,0.4370382715,6.550656131,0.2791424326
SK-A-245,pupil,tier1,34,5,0.09331378806,0.06229353347,2.998875881,0.001236009673,3.21494971,0.4930692311,21.75245944,0.06439245214
SK-A-246,pupil,tier1,0,0,0.1471352381,0.1064499413,2.995772648,0.007560007217,3.073114629,1.523851778,12.90973577,0.1303415458
SK-A-246,pupil,tier1,0,15,0.127045394,0.09661662707,2.958743802,0.006252626434,3.055929952,1.245673618,2.938419756,0.3824302639
SK-A-246,pupil,tier1,1,14,0.1320260755,0.1096789749,2.989383336,0.007409103093,3.04861529,1.483542183,2.630883787,0.1051897363
SK-A-246,pupil,tier1,2,13,0.1370462644,0.1042420941,2.98783507,0.007757904619,3.035369777,1.505687431,2.801114332,0.4670908965
SK-A-246,pupil,tier1,3,12,0.1522660438,0.1120806404,2.996832752,0.009285867543,3.029253329,1.782166869,2.619811865,0.5599145132
SK-A-246,pupil,tier1,4,12,0.1630073429,0.1230061373,2.99681382,0.01093132802,3.01067068,2.059619837,3.945418665,0.249163298
SK-A-246,pupil,tier1,5,11,0.1482013143,0.09843969532,2.995984018,0.006956692292,3.104070439,1.451856673,10.92662756,0.1108498535
SK-A-246,pupil,tier1,6,10,0.1696491835,0.1352095748,2.997614785,0.01024186724,3.115456475,2.08647621,22.46915298,0.04529520177
SK-A-246,pupil,tier1,7,9,0.1507393897,0.123637917,2.992464231,0.008856351574,3.107034555,1.700178971,21.44096846,0.04203724839
SK-A-246,pupil,tier1,8,8,0.1909274987,0.1602167848,2.995112977,0.01474945824,3.060824054,2.811834527,9.144215068,0.206369747
SK-A-246,pupil,tier1,9,8,0.2035434667,0.1737969612,2.989230509,0.01604921783,3.011742548,3.150851388,4.462531901,0.2819109763
SK-A-246,pupil,tier1,10,7,0.2223025961,0.2166042549,2.993866232,0.01552744317,3.084132373,3.415399607,6.683160254,0.1311249682
SK-A-246,pupil,tier1,11,6,0.1763904572,0.1431844119,2.99567494,0.0128732406,3.043127198,2.421411348,8.958473686,0.2512422792
SK-A-246,pupil,tier1,12,5,0.1823096314,0.1559391184,2.991806187,0.01312964181,3.03360287,2.620872558,4.682069865,0.2025597882
SK-A-246,pupil,tier1,13,4,0.1529416036,0.1256470288,2.995374364,0.009389497966,3.046885025,1.868855607,4.325813684,0.2410058588
SK-A-246,pupil,tier1,14,4,0.1447447014,0.1245159694,2.997302055,0.008507429199,3.052076101,1.737575635,4.591276987,0.2290612796
SK-A-246,pupil,tier1,15,3,0.1510486192,0.1238394521,2.996888745,0.009300019378,3.039157504,1.822660691,4.22348785,0.2739132444
SK-A-246,pupil,tier1,16,2,0.1832684736,0.1431642607,2.981649503,0.01373478504,2.983897437,2.627373992,4.362918898,0.204846202
SK-A-246,pupil,tier1,17,1,0.1649287508,0.1291276366,2.99248049,0.01115467256,3.014041492,2.145752369,4.650101457,0.2251725538
SK-A-246,pupil,tier1,18,0,0.1413891365,0.1102863601,2.986700655,0.007447326382,3.044546398,1.501317583,6.165901416,0.2103833565
SK-A-2507,pupil,tier1,0,0,0.087357744,0.07142103247,2.982735257,0.0009913667003,3.211015429,0.4705658154,9.505599953,0.04523450811
SK-A-2507,pupil,tier1,1,16,0.09736664595,0.06814723431,2.992680429,0.00106464207,3.209952289,0.4855746738,13.12766696,0.05579620967
SK-A-2507,pupil,tier1,2,33,0.05099577262,0.05387562679,2.950127961,0.0004098932416,3.11859689,0.2316945183,4.395408927,0.08517472731
SK-A-2507,pupil,tier1,4,8,0.1064879722,0.09670306188,2.979696476,0.001512912922,3.2135396,0.6518752158,12.64298237,0.09167395824
SK-A-2507,pupil,tier1,5,25,0.07038514726,0.0639403959,2.996824788,0.0008496981964,3.19917597,0.3549509031,17.09861797,0.07795681369
SK-A-2507,pupil,tier1,7,0,0.1438429782,0.1508218776,2.972005909,0.00343167563,3.215136731,1.205401634,12.71107668,0.05672721623
SK-A-2507,pupil,tier1,8,16,0.1025662637,0.06737244298,2.995254347,0.001439569057,3.217975811,0.5541436572,21.63675074,0.03069592343
SK-A-2507,pupil,tier1,9,33,0.06208074644,0.08811898613,2.950084257,0.0007688365825,3.110282054,0.3545847785,3.695827629,0.01812521682
SK-A-2507,pupil,tier1,11,8,0.1400926498,0.1337006906,2.986922707,0.00323484473,3.218781418,1.110950257,13.79086784,0.2054233406
SK-A-2507,pupil,tier1,12,25,0.123199961,0.1161505013,2.994544884,0.002152103364,3.215951126,0.8249053346,12.34880546,0.1564729623
SK-A-2507,pupil,tier1,14,0,0.1765339825,0.177603774,2.981351312,0.005218828204,3.222882103,1.755485338,4.527504859,0.2462263861
SK-A-2507,pupil,tier1,15,16,0.1460645074,0.1173472594,2.95304752,0.00302759572,3.219679934,1.052679234,16.0353996,0.1233078467
SK-A-2507,pupil,tier1,16,33,0.08299919296,0.0778169667,2.994742674,0.0009506388952,3.199299339,0.4286177049,5.3163479,0.1702358161
SK-A-2507,pupil,tier1,18,8,0.09640513377,0.1162859992,2.976687887,0.001855317282,3.210904859,0.7546961849,5.250709755,0.1498724643
SK-A-2507,pupil,tier1,19,25,0.1383035993,0.09394048809,2.997452359,0.002198922974,3.21838204,0.8488716724,17.69581198,0.1251029895
SK-A-2507,pupil,tier1,21,0,0.1425585059,0.1294294221,2.988105482,0.002865619098,3.215895114,1.055580755,9.318456647,0.1394832306
SK-A-2507,pupil,tier1,22,16,0.07325236775,0.05331762824,2.99637794,0.0005834380323,3.187091102,0.328705764,11.03974486,0.120978237
SK-A-2507,pupil,tier1,23,33,0.07782069846,0.09664983084,2.986585501,0.000980015591,3.175558912,0.4882965482,3.401254638,
SK-A-2507,pupil,tier1,25,8,0.07267988644,0.07271118723,2.961425834,0.0007504910462,3.184048016,0.4305556056,3.614080484,
SK-A-2507,pupil,tier1,26,25,0.07421494651,0.06765923524,2.990466994,0.0007028630375,3.182022707,0.3787050133,5.722973438,0.1899830812
SK-A-2627,pupil,tier1,0,0,0.04667407048,0.03099500988,2.987539568,0.0003283021498,3.156033748,0.1418914313,8.011519621,0.08674514982
SK-A-2627,pupil,tier1,1,6,0.04392287047,0.02615549771,2.980949947,0.0002544740272,3.142954212,0.2260459739,8.051837882,0.08362937049
SK-A-2627,pupil,tier1,2,12,0.03384002706,0.0249355515,2.969000193,0.0002034368696,3.062206029,0.2718284462,7.248918729,0.1012802859
SK-A-2627,pupil,tier1,3,18,0.03596399174,0.02650030297,2.967478133,0.0002265774767,3.086504284,0.05689285768,5.013530983,0.1047096473
SK-A-2627,pupil,tier1,5,4,0.04442675867,0.02718024234,2.979072709,0.0002775103215,3.146401179,0.1583519511,11.71531704,0.04471411555
SK-A-2627,pupil,tier1,6,10,0.1834584059,0.1343942254,2.903376582,0.00440448831,3.203312236,1.45720373,29.54851702,0.06393113118
SK-A-2627,pupil,tier1,7,16,0.06118043237,0.05165421563,2.982587246,0.0006721236001,3.183469631,0.2785206372,6.740483035,0.2735337674
SK-A-2627,pupil,tier1,9,2,0.05870576118,0.03576317119,2.96747589,0.0004679501698,3.176089732,0.298799979,13.24054505,0.06435840344
SK-A-2627,pupil,tier1,10,8,0.07227511536,0.04506351805,2.996114015,0.0006965521657,3.195002501,0.3454715253,15.5889436,0.0393840583
SK-A-2627,pupil,tier1,11,14,0.1032617562,0.07439633806,2.967522672,0.001777375137,3.206463419,0.6084646337,21.10376047,0.1335687911
SK-A-2627,pupil,tier1,13,0,0.04734851713,0.0318954356,2.964239516,0.0003389292716,3.150770829,0.2254174737,12.9288686,0.05389256078
SK-A-2627,pupil,tier1,14,6,0.1183924756,0.1007243752,2.992790551,0.002282927252,3.174060363,0.7721016321,23.97959844,0.05324845959
SK-A-2627,pupil,tier1,15,12,0.1897050592,0.2501247198,2.995416748,0.007012813536,3.203833275,2.394522919,20.23303118,0.1717768954
SK-A-2627,pupil,tier1,16,18,0.04803257489,0.03472080265,2.976334706,0.0003789755647,3.156393646,0.3033081843,3.923619802,0.08224382991
SK-A-2627,pupil,tier1,18,4,0.1581611983,0.1338140249,2.956809757,0.00405488761,3.176045457,1.220896281,31.16479433,0.1227904202
SK-A-2627,pupil,tier1,19,10,0.1061129863,0.08252083338,2.947925197,0.001915659123,3.198292028,0.6610103149,20.46334101,0.03416130804
SK-A-2627,pupil,tier1,20,16,0.04823198948,0.03058718065,2.983108768,0.0003276824786,3.157593748,0.2963291443,2.91822171,0.1231027678
SK-A-2627,pupil,tier1,22,2,0.05070920115,0.0377372878,2.976554845,0.0003946281568,3.160113982,0.2213774154,3.931933717,0.2147187582
SK-A-2627,pupil,tier1,23,8,0.05880284837,0.05125944058,2.988756846,0.0005905267701,3.188925183,0.325398931,2.954791023,0.3549848973
SK-A-2627,pupil,tier1,24,14,0.06653716637,0.05418879027,2.981436038,0.0008410061387,3.186771861,0.3750850562,3.001232862,0.1178251193
SK-A-3066,cohort,,0,0,0.06298531939,0.07009323086,2.993100054,0.00253000557,3.154817007,0.6613792172,5.675370769,0.09288348216
SK-A-3066,cohort,,0,12,0.0697965107,0.06644191354,2.99274952,0.002794405092,3.151508556,0.5593468012,3.933569998,0.1750157843
SK-A-3066,cohort,,1,11,0.06566486477,0.0470881711,2.990201776,0.00164445003,3.15272477,0.4829547468,4.220144964,0.1745684477
SK-A-3066,cohort,,2,9,0.07353520899,0.06054799815,2.98795527,0.002455326815,3.153688353,0.6488835338,4.674208472,0.1472009182
SK-A-3066,cohort,,3,8,0.06931963644,0.05120801438,2.986518065,0.001750080079,3.17163708,0.4807291714,5.316672936,0.118072995
SK-A-3066,cohort,,4,7,0.1885773205,0.2324303183,2.99216755,0.01983355557,3.093127258,3.664315872,13.84908873,0.1299607127
SK-A-3066,cohort,,5,5,0.1723280906,0.18822918,2.989838449,0.0168367294,2.991066452,2.987162515,9.901076169,0.1752405199
SK-A-3066,cohort,,6,4,0.2526590795,0.2585088813,2.976469663,0.02421954037,3.090672046,4.862936054,13.83582768,0.1847536314
SK-A-3066,cohort,,7,2,0.1797990199,0.2041153297,2.973366604,0.01441615498,3.098811917,2.880107202,13.20131706,0.241708323
SK-A-3066,cohort,,8,1,0.0972775463,0.08928343318,2.982128286,0.004072160316,3.125018045,0.9433375373,6.303597366,0.1042411317
SK-A-3066,cohort,,9,0,0.1111406083,0.08328200461,2.989120887,0.004284347832,3.12505915,1.015148267,6.392651864,0.1131103556
SK-A-3066,cohort,,9,12,0.1205283922,0.0901131772,2.974463934,0.007036251534,3.063615951,1.359441992,8.888599777,0.1930260192
SK-A-3066,cohort,,10,11,0.1568009339,0.1467937601,2.946778908,0.01109510089,3.063753619,2.235845457,15.96745404,0.100633131
SK-A-3066,cohort,,11,9,0.2286975392,0.1565723534,2.945216122,0.01914565892,3.004004636,3.41841839,25.28778436,0.04117724725
SK-A-3066,cohort,,12,8,0.2198595697,0.1687044873,2.918447442,0.01848513814,3.043005215,3.426983694,19.74715551,0.06176116787
SK-A-3066,cohort,,13,7,0.1909528963,0.1422523974,2.977145102,0.01767692968,3.006140256,3.086786781,17.44157653,0.08840708505
SK-A-3066,cohort,,14,5,0.1587400654,0.108691993,2.995638144,0.01112295689,3.042493793,1.988312689,13.83882237,0.1661974274
SK-A-3066,cohort,,15,4,0.1509465792,0.1221600187,2.997963852,0.01230838691,3.004092112,2.102567452,10.46652523,0.1651133151
SK-A-3066,cohort,,16,2,0.06837046771,0.05394380278,2.988911645,0.001734084101,3.175890692,0.4706667117,9.219729736,0.1361301561
SK-A-3066,cohort,,17,1,0.08239880309,0.07528315678,2.995498911,0.002497123214,3.175288241,0.5814894975,11.20954544,0.1824326053
SK-A-3106,pupil,tier1,0,0,0.1353658052,0.1295190881,2.978058214,0.002332777324,3.185821456,0.951478537,3.108277381,0.01249536845
SK-A-3106,pupil,tier1,1,1,0.1282362998,0.1140964765,2.977476479,0.00219038771,3.188023728,0.8491709833,2.900353008,0.01267337551
SK-A-3106,pupil,tier1,2,3,0.1029340488,0.09884939343,2.98765672,0.001367577381,3.1808276,0.6100138883,4.99013183,0.07961099277
SK-A-3106,pupil,tier1,3,5,0.07189943284,0.06493401017,2.990685577,0.0006213934663,3.147048555,0.3490438869,7.774432162,0.06731596559
SK-A-3106,pupil,tier1,4,6,0.1384506299,0.1247513731,2.977412484,0.002293079199,3.176729656,0.9317169647,13.09080619,0.06468342008
SK-A-3106,pupil,tier1,5,8,0.161538419,0.1433176131,2.977486994,0.003521023306,3.195675749,1.268496014,18.64445781,0.08993501581
SK-A-3106,pupil,tier1,6,10,0.1716848914,0.1561048573,2.985352636,0.003119945252,3.175629734,1.296857649,20.9121263,0.101666121
SK-A-3106,pupil,tier1,7,11,0.1139067964,0.09440670017,2.985623516,0.00153734396,3.194299263,0.6665406213,9.170806033,0.09423675003
SK-A-3106,pupil,tier1,8,13,0.1260972244,0.1575114892,2.97788239,0.00292367507,3.190482187,1.083917766,11.71294756,0.04270166907
SK-A-3106,pupil,tier1,9,15,0.1138162041,0.09141031896,2.996643039,0.001313851177,3.17231434,0.6180053451,9.979134317,0.05391685026
SK-A-3106,pupil,tier1,11,0,0.1372009944,0.1187626671,2.969945738,0.002022491115,3.183415497,0.8664524121,3.595943465,0.0767954362
SK-A-3106,pupil,tier1,12,1,0.1553794584,0.1266754954,2.99410459,0.002661930893,3.195183692,1.056876117,4.784849901,0.1551609947
SK-A-3106,pupil,tier1,13,3,0.1148115135,0.0940538376,2.973438692,0.001360248755,3.16437179,0.6377973214,5.55674442,0.07600728926
SK-A-3106,pupil,tier1,14,5,0.329652268,0.3548556377,2.832999133,0.01269413314,3.152880891,4.970847634,5.401328202,0.09068495687
SK-A-3106,pupil,tier1,15,6,0.2113191867,0.2724727187,2.947592677,0.006628869519,3.174339792,2.697511223,1.852288539,0.09643866296
SK-A-3106,pupil,tier1,16,8,0.1244863788,0.1275337865,2.984366343,0.001891822506,3.174210314,0.8428467186,2.61340753,0.008280686556
SK-A-3106,pupil,tier1,17,10,0.1259594851,0.1156037232,2.993101882,0.002210289104,3.187659085,0.8658790895,1.612211669,
SK-A-3106,pupil,tier1,18,11,0.10207307,0.08155201123,2.995005386,0.001060697026,3.169197282,0.5301263457,2.092021527,
SK-A-3106,pupil,tier1,19,13,0.1284450096,0.09878310588,2.995229194,0.001603998465,3.180705654,0.7258194075,2.368251251,0.0126377937
SK-A-3106,pupil,tier1,20,15,0.3626475108,0.3056849862,2.981160351,0.02147947011,3.207199232,6.08200021,7.280735978,0.09682814586
SK-A-3138,cohort,,0,0,0.04411693434,0.04506837277,2.977862223,0.000398495582,3.120073376,0.147034518,0.8604020445,
SK-A-3138,cohort,,1,4,0.04844830915,0.04002154826,2.97901836,0.0004109255466,3.14060227,0.2065201267,0.9952192245,
SK-A-3138,cohort,,2,8,0.07316591119,0.0531780582,2.984060461,0.0009725605765,3.194921868,0.4128098584,1.339948364,0.2066983092
SK-A-3138,cohort,,3,12,0.07051880284,0.0560465162,2.992363734,0.0008947676466,3.193873712,0.3673787968,12.45573257,0.1090563297
SK-A-3138,cohort,,4,16,0.09037329595,0.06696922221,2.96987699,0.001678918008,3.192616498,0.5747228353,5.255925623,0.3608846473
SK-A-3138,cohort,,6,0,0.07415131094,0.06274290111,2.959966053,0.001143818925,3.191766833,0.4333122382,1.100288096,
SK-A-3138,cohort,,7,4,0.08064311778,0.07753517712,2.956984744,0.001672068539,3.188391297,0.5121010315,1.518631517,
SK-A-3138,cohort,,8,8,0.1485078719,0.1179059591,2.980188725,0.005587545662,3.16293995,1.3378796,14.53008493,0.1161562916
SK-A-3138,cohort,,9,12,0.09884352651,0.08761953774,2.989472345,0.002038861577,3.200400411,0.64391101,8.919772446,0.1987063078
SK-A-3138,cohort,,10,16,0.06461900639,0.04989694161,2.981759822,0.0008698441034,3.18121015,0.3713242647,1.98681458,0.3467489144
SK-A-3138,cohort,,12,0,0.06239327526,0.08042088553,2.980457854,0.001238715239,3.160220485,0.4524829212,0.9585574764,-0
SK-A-3138,cohort,,13,4,0.09166637857,0.08802341467,2.927755685,0.002131008991,3.189344803,0.6527862108,2.700220409,0.2035562761
SK-A-3138,cohort,,14,8,0.103230875,0.09442498798,2.989246428,0.002190700446,3.200026595,0.7182200501,15.46777673,0.08950751903
SK-A-3138,cohort,,15,12,0.1189554206,0.09692972471,2.957992503,0.003399080555,3.179342985,0.9435860997,9.3059403,0.1358015493
SK-A-3138,cohort,,16,16,0.0531153312,0.04410233466,2.98853563,0.0005230485253,3.159795828,0.243040854,17.80742167,0.07994604176
SK-A-3138,cohort,,18,0,0.0665775357,0.07717775847,2.968140197,0.001307689765,3.185909862,0.4796274192,3.192395699,0.6106963376
SK-A-3138,cohort,,19,4,0.06564803248,0.04672720041,2.992951353,0.0007037298306,3.182797587,0.3152541928,5.999239174,0.1950486489
SK-A-3138,cohort,,20,8,0.04893798598,0.03676801944,2.988193574,0.0003329680989,3.145881329,0.2114630722,19.05632368,0.0622870166
SK-A-3138,cohort,,21,12,0.06698420637,0.04601066119,2.992667862,0.0006651247766,3.183723602,0.3370610933,13.5349413,0.09035443081
SK-A-3138,cohort,,22,16,0.06895504599,0.04693972799,2.978115539,0.0007880450449,3.190995034,0.341964401,10.08188762,0.09756633593
SK-A-3254,pupil,tier1,0,0,0.1739262841,0.1020582611,2.999287315,0.004926238874,3.185935621,1.353687672,15.2478568,0.08180645384
SK-A-3254,pupil,tier1,1,0,0.1766780507,0.1031737445,2.998183201,0.005058728537,3.187043957,1.387580139,16.78021725,0.0979894026
SK-A-3254,pupil,tier1,2,0,0.1777606979,0.1046511393,2.998073772,0.005342545815,3.193912282,1.438925123,17.70784895,0.09320611042
SK-A-3254,pupil,tier1,3,0,0.1363194234,0.08536951712,2.991934485,0.002683545012,3.21827373,0.871322538,20.98084294,0.04799751002
SK-A-3254,pupil,tier1,4,0,0.1447120872,0.09515539255,2.994505773,0.003153956874,3.212725857,0.9785938321,23.30557518,0.1116984783
SK-A-3254,pupil,tier1,5,0,0.1275839757,0.08989108674,2.991194399,0.00268595353,3.206714948,0.8373920094,26.8876069,0.1323087278
SK-A-3254,pupil,tier1,6,0,0.1164211917,0.0750024958,2.975134195,0.002142578773,3.215797827,0.7127618876,29.18664492,0.06636357075
SK-A-3254,pupil,tier1,7,0,0.1127566124,0.0712691876,2.972180117,0.00184299495,3.214824086,0.6526822365,26.9509126,0.05109000067
SK-A-3254,pupil,tier1,8,0,0.1101548386,0.07054545031,2.989737889,0.001806552788,3.214535741,0.6341107007,27.55448975,0.05270759331
SK-A-3254,pupil,tier1,9,0,0.1179704743,0.07638643546,2.992839974,0.002265047232,3.216236458,0.7251640317,19.76926611,0.08013306037
SK-A-3254,pupil,tier1,10,0,0.1260061539,0.09389668937,2.99021172,0.003057327478,3.211898344,0.9005910394,16.04508527,0.07369699611
SK-A-3254,pupil,tier1,11,0,0.1296957168,0.08383230573,2.990339885,0.002794443662,3.211230748,0.8580572196,15.62996037,0.06540113433
SK-A-3254,pupil,tier1,12,0,0.1290200117,0.08189545366,2.988290114,0.002912754502,3.208544699,0.8585584733,15.31135617,0.07232736093
SK-A-3254,pupil,tier1,13,0,0.144789429,0.1025082135,2.987415095,0.003627976616,3.202971086,1.065658229,15.23885456,0.07441337483
SK-A-3254,pupil,tier1,14,0,0.1271813176,0.07909121971,2.992076833,0.002698631018,3.206385782,0.8190985391,15.32562376,0.08086314782
SK-A-3254,pupil,tier1,15,0,0.1355015681,0.08583203418,2.991567888,0.003449827077,3.193387455,0.9680650271,15.24388909,0.07951264006
SK-A-3254,pupil,tier1,16,0,0.1266623247,0.08206719813,2.998857348,0.003217794158,3.19153376,0.8920693512,14.18466142,0.08695248159
SK-A-3254,pupil,tier1,17,0,0.1171140379,0.08393519702,2.999110625,0.002475946388,3.202622394,0.7715834872,18.76748072,0.09872400455
SK-A-3254,pupil,tier1,18,0,0.1323360641,0.08717124928,2.994599531,0.003294425567,3.177026871,0.9244341846,10.45191659,0.1603853001
SK-A-3254,pupil,tier1,19,0,0.1318150602,0.09504728966,2.993631187,0.003875259378,3.170903736,1.001920334,9.812409668,0.148030275
SK-A-3276,cohort,,0,0,0.056699235,0.06016451982,2.987270368,0.001374325575,3.169493076,0.4750017266,1.148232679,
SK-A-3276,cohort,,0,11,0.04909917359,0.04033836268,2.984148735,0.0006578316591,3.161762762,0.2001862529,3.490247823,0.2005505471
SK-A-3276,cohort,,1,9,0.04909916847,0.04324317226,2.981079578,0.0007996836426,3.161364765,0.2495196913,2.423937949,0.01767892062
SK-A-3276,cohort,,2,7,0.05816198429,0.03955219077,2.985437987,0.0007234693147,3.18961813,0.2838954702,6.862054903,0.2038902833
SK-A-3276,cohort,,3,5,0.05875030855,0.04116987603,2.996064169,0.0007327102057,3.182102034,0.3148220801,10.81181627,0.112547735
SK-A-3276,cohort,,4,3,0.06064515421,0.04701278487,2.98717474,0.0008497736816,3.189838653,0.3345331291,4.678681606,0.2264700368
SK-A-3276,cohort,,5,1,0.06990757034,0.05820344139,2.997510013,0.001320423565,3.19461261,0.4322110115,3.786859357,0.173669014
SK-A-3276,cohort,,5,12,0.09396988352,0.07338788608,2.991793731,0.003725882939,3.164956815,0.8149032326,14.39073846,0.09776665333
SK-A-3276,cohort,,6,10,0.1136921334,0.09378645457,2.972625299,0.007269623189,3.10322387,1.337925844,22.09377112,0.05577028841
SK-A-3276,cohort,,7,8,0.1317426864,0.09487842882,2.992436521,0.00292145584,3.200088015,0.8715226792,27.14296714,0.1459116666
SK-A-3276,cohort,,8,6,0.0941371984,0.08956816357,2.934422227,0.003265837628,3.182954408,0.7737917211,6.097931534,0.1068552168
SK-A-3276,cohort,,9,4,0.05117005962,0.03706315364,2.990465676,0.000451138854,3.157131577,0.2317489452,22.23598863,0.04155015044
SK-A-3276,cohort,,10,2,0.07794222592,0.06460937307,2.996445085,0.001444402493,3.190345015,0.4565718511,27.73801748,0.0436216713
SK-A-3276,cohort,,11,0,0.07969172691,0.07526981162,2.988378166,0.001836322472,3.197498615,0.5419075717,26.07443132,0.08338314719
SK-A-3276,cohort,,11,11,0.09274770856,0.08959997045,2.981894456,0.003066293722,3.2025761,0.7563818447,1.594050468,0.27058746
SK-A-3276,cohort,,12,9,0.08790011576,0.08236701245,2.997142972,0.00290586105,3.184255654,0.7085614011,1.103309431,0.1690309636
SK-A-3276,cohort,,13,7,0.08085040646,0.1194513948,2.991067886,0.00368534098,3.175965839,0.8641323964,7.225565097,0.2046992245
SK-A-3276,cohort,,14,5,0.1128883928,0.163644129,2.986724319,0.007114712954,3.192707373,1.547113418,9.978743446,0.2304982134
SK-A-3276,cohort,,15,3,0.09382245551,0.09454541023,2.995926389,0.002922891699,3.202969035,0.7527420687,6.706020664,0.241067559
SK-A-3276,cohort,,16,1,0.5329249393,0.4978590896,2.997713845,0.08370398447,3.073438461,16.7224396,21.73155685,0.1946488921
SK-A-3340,cohort,,0,0,0.06231489449,0.06026668577,2.992567987,0.001606184701,3.176369756,0.4183138898,3.018878697,0.1288558108
SK-A-3340,cohort,,1,0,0.06061905947,0.05305646358,2.992253383,0.001333981821,3.184874421,0.4220196538,2.488408828,0.09623005795
SK-A-3340,cohort,,2,1,0.06467910501,0.05091030071,2.993156669,0.001217358191,3.18471465,0.3827639896,2.816120857,0.164009049
SK-A-3340,cohort,,3,2,0.06574895864,0.05436639183,2.992560664,0.001236345609,3.18494566,0.391096347,4.37908614,0.3891477567
SK-A-3340,cohort,,4,3,0.1600009462,0.144736851,2.987151358,0.009071621605,3.13807029,1.887935453,18.85797413,0.07903514349
SK-A-3340,cohort,,5,4,0.4341541554,0.419763306,2.978988165,0.06209611705,3.027077525,11.94694023,18.32834593,0.1968116455
SK-A-3340,cohort,,6,4,0.212269616,0.1706326654,2.933791796,0.01419740467,3.07332705,2.774518866,22.87806797,0.1704542552
SK-A-3340,cohort,,7,5,0.2321174878,0.1797934468,2.843558441,0.01622395101,3.099895719,3.458311788,17.55315197,0.1611965977
SK-A-3340,cohort,,8,6,0.1763680836,0.1518195667,2.986891476,0.008764107798,3.166614566,1.924630422,43.64640157,0.05533700571
SK-A-3340,cohort,,9,7,0.1326930132,0.09209476768,2.984644652,0.004459094324,3.157748144,1.057329099,42.42805035,0.06020177624
SK-A-3340,cohort,,10,8,0.1516155121,0.1062294346,2.996174763,0.006794655813,3.120691883,1.474154468,28.22730173,0.08643656355
SK-A-3340,cohort,,11,8,0.1515849326,0.1139558119,2.991719768,0.006901805017,3.136143601,1.495420777,30.68789616,0.1336152828
SK-A-3340,cohort,,12,9,0.1010458677,0.07228877283,2.987279531,0.003149596522,3.166706191,0.7643106166,11.0678067,0.1353115935
SK-A-3340,cohort,,13,10,0.1273762081,0.09693954582,2.986421157,0.004960952276,3.153378544,1.133767698,11.55761035,0.1080469272
SK-A-3340,cohort,,14,11,0.1014922149,0.08449159936,2.993914804,0.003288270606,3.14391864,0.7936122997,13.24979055,0.09565622876
SK-A-3340,cohort,,15,12,0.1012093677,0.1057382889,2.997454034,0.004289216761,3.175268271,0.9368455625,16.14052562,0.07237959998
SK-A-3340,cohort,,16,12,0.2168218253,0.1581360282,2.938556967,0.01384416938,3.068677489,2.694133823,15.53063906,0.08502472141
SK-A-3340,cohort,,17,13,0.1343071491,0.1099860267,2.995493355,0.008082788609,3.125337189,1.519346951,14.02148456,0.1267158349
SK-A-3340,cohort,,18,14,0.1011514806,0.09576863677,2.987582386,0.005405320551,3.143841371,1.044431932,9.52372619,0.1121293244
SK-A-3340,cohort,,19,15,0.06554883883,0.05900874299,2.992163107,0.001567838977,3.171762791,0.4440015465,6.205224972,0.1497246017
SK-A-3451,pupil,tier1,0,0,0.09316822629,0.09603079834,2.997806249,0.002399200472,3.17984248,0.6669312193,9.537436235,0.1157534431
SK-A-3451,pupil,tier1,1,1,0.09374315703,0.1025906044,2.981445475,0.002626446149,3.18670679,0.7496205126,11.0944609,0.1233981403
SK-A-3451,pupil,tier1,2,3,0.07499173868,0.06187544075,2.997556992,0.001254111524,3.196123732,0.4753202558,13.67067942,0.07480298306
SK-A-3451,pupil,tier1,3,5,0.1021255643,0.08870273541,2.997916827,0.002386831556,3.200328284,0.7127988229,15.10496797,0.1023479028
SK-A-3451,pupil,tier1,4,7,0.1690376261,0.109079081,2.996858698,0.006725462862,3.153619359,1.568759966,16.3693473,0.09739740012
SK-A-3451,pupil,tier1,5,9,0.1209835592,0.08679568707,2.996243452,0.003841896598,3.171569298,0.941054457,33.8218509,0.09155231207
SK-A-3451,pupil,tier1,6,11,0.09848455163,0.07546866747,2.987944419,0.002635611039,3.177958454,0.6970402234,14.21273117,0.1235085504
SK-A-3451,pupil,tier1,7,13,0.09362352797,0.06293022616,2.989702962,0.00219313007,3.173495717,0.6238864616,20.9688926,0.05282117349
SK-A-3451,pupil,tier1,8,15,0.09671239801,0.06113995293,2.985163672,0.002532944314,3.127525759,0.6473422368,21.31638034,0.03425656047
SK-A-3451,pupil,tier1,9,17,0.09003747539,0.05736509847,2.976830508,0.001807913021,3.154946766,0.5490076273,21.56167752,0.03305914441
SK-A-3451,pupil,tier1,11,0,0.1372379199,0.139226714,2.992815042,0.006985466605,3.126041117,1.607793568,9.548680055,0.1269807282
SK-A-3451,pupil,tier1,12,1,0.1263849756,0.147112774,2.998064138,0.007024546276,3.160680479,1.565774365,8.701386895,0.1392692393
SK-A-3451,pupil,tier1,13,3,0.1695251104,0.1097339865,2.972883943,0.008650761898,3.095199587,1.768565605,8.199141809,0.1137135414
SK-A-3451,pupil,tier1,14,5,0.226940642,0.1886115989,2.989965249,0.01321486113,3.123772171,2.914652493,23.10455411,0.1838972327
SK-A-3451,pupil,tier1,15,7,0.1170992286,0.09754916482,2.982687914,0.004251374239,3.158541114,1.01716259,9.988003763,0.1616945931
SK-A-3451,pupil,tier1,16,9,0.1819697099,0.1178654139,2.984921947,0.009843397651,3.049937252,1.977055013,32.40992144,0.04925934473
SK-A-3451,pupil,tier1,17,11,0.1197911182,0.1154676918,2.99378603,0.004709918924,3.165096379,1.147088645,14.15945573,0.2311897416
SK-A-3451,pupil,tier1,18,13,0.09667629035,0.08989954429,2.996990871,0.002765238101,3.187698914,0.7493848625,10.42045605,0.1824207598
SK-A-3451,pupil,tier1,19,15,0.0854396239,0.06664940969,2.994616565,0.001718275787,3.195205427,0.5383037551,8.486586553,0.123695207
SK-A-3451,pupil,tier1,20,17,0.0680701786,0.05063995257,2.993055097,0.00121136027,3.185318585,0.4087703257,13.47540167,0.05344434884
SK-A-3477,cohort,,0,0,0.1006560207,0.06119358255,2.990764516,0.001525025115,3.214954085,0.5530208099,8.335023962,0.1452950418
SK-A-3477,cohort,,0,8,0.09488307078,0.05636920603,2.999707873,0.001156469289,3.212137734,0.4803210066,18.25899601,0.07164889136
SK-A-3477,cohort,,1,5,0.111346199,0.06750959797,2.999246697,0.001871041181,3.215173241,0.6347010645,16.20241945,0.07899713532
SK-A-3477,cohort,,2,2,0.08794384589,0.05286361067,2.998554853,0.001088241068,3.206818074,0.4342888458,8.476011686,0.1181941727
SK-A-3477,cohort,,3,0,0.09044563317,0.06673041723,2.987746106,0.001269204008,3.204536286,0.4991763134,7.792159012,0.1142606777
SK-A-3477,cohort,,3,8,0.1129238733,0.07127455354,2.959003896,0.001738859325,3.190245888,0.6215881417,18.32823986,0.04998050751
SK-A-3477,cohort,,4,5,0.102799941,0.07517492668,2.998324092,0.002245364753,3.20904597,0.6751150098,14.80643532,0.08352587999
SK-A-3477,cohort,,5,2,0.1163420499,0.07974612195,2.993805531,0.002323696809,3.210095139,0.7313306458,15.7220385,0.06659218534
SK-A-3477,cohort,,6,0,0.1973271575,0.1372446481,2.996456019,0.005292920619,3.201727716,1.613606069,16.43882117,0.08591966526
SK-A-3477,cohort,,6,8,0.142264247,0.1093734624,2.99805525,0.003164015106,3.203788362,1.001543924,20.85164048,0.1010564738
SK-A-3477,cohort,,7,5,0.1111194953,0.0698789743,2.998854632,0.001714904166,3.209157382,0.6086814408,16.09432234,0.06825880997
SK-A-3477,cohort,,8,2,0.1862217172,0.1268954402,2.998662444,0.004902515084,3.214370989,1.481121646,23.01931952,0.08861440465
SK-A-3477,cohort,,9,0,0.180651807,0.1380608828,2.983673112,0.004108311418,3.194092406,1.375092714,24.08324309,0.08962126117
SK-A-3477,cohort,,9,8,0.1830675479,0.145960947,2.998153471,0.005292477721,3.203745315,1.564994144,20.6320428,0.0802432765
SK-A-3477,cohort,,10,5,0.1681094321,0.1443992184,2.988109481,0.004961792985,3.20489223,1.463693002,21.93923184,0.0720952605
SK-A-3477,cohort,,11,2,0.1741795584,0.1431856088,2.997348332,0.004573697514,3.202313886,1.435350285,20.61331929,0.09893782609
SK-A-3477,cohort,,12,0,0.08930889106,0.05346876163,2.993643875,0.001082862658,3.214622151,0.4500257496,11.7572433,0.07297862593
SK-A-3477,cohort,,12,8,0.1320764129,0.1080901904,2.988070965,0.003895557063,3.215909464,1.062557768,18.9135285,0.08322753591
SK-A-3477,cohort,,13,5,0.1634038791,0.1117397675,2.996181558,0.005283393631,3.202838648,1.386107683,16.96617268,0.1034494807
SK-A-3477,cohort,,14,2,0.08242474422,0.04905004844,2.994965463,0.0007967348556,3.197302672,0.3927631638,14.38968994,0.04702191941
SK-A-3508,pupil,tier1,0,0,0.05472545335,0.05105001173,2.994326551,0.0009833950464,3.162984888,0.321958095,1.964947951,0.2021828273
SK-A-3508,pupil,tier1,0,4,0.04892626441,0.03229291273,2.989938126,0.0005979301341,3.160609428,0.1783617855,2.003631575,0.131517924
SK-A-3508,pupil,tier1,1,0,0.05533160732,0.04087364157,2.993649225,0.0008989048881,3.166416577,0.2551815984,2.030204873,-0
SK-A-3508,pupil,tier1,1,5,0.05776975429,0.04909731201,2.990994393,0.001022216755,3.165562262,0.2872056064,4.33843321,0.1578138432
SK-A-3508,pupil,tier1,2,1,0.05785074494,0.03826238433,2.993628818,0.0008704892666,3.176364945,0.2986706305,2.092198642,0.05716470264
SK-A-3508,pupil,tier1,2,6,0.04946396824,0.03453583429,2.992598854,0.0005283724459,3.167674875,0.1760079126,3.066513443,0.1589584859
SK-A-3508,pupil,tier1,3,2,0.06796870828,0.04874422505,2.996103071,0.00135500424,3.168619915,0.3784190652,5.286685356,0.1840145119
SK-A-3508,pupil,tier1,3,7,0.04566551682,0.03070661218,2.990593485,0.0004603616863,3.158417528,0.1398751558,2.455756659,0.08684303075
SK-A-3508,pupil,tier1,4,3,0.1297522176,0.08695757802,2.954187184,0.005040785704,3.14894356,1.14619394,31.01319142,0.09808799871
SK-A-3508,pupil,tier1,4,8,0.04814483899,0.0325224185,2.990451277,0.0004960294208,3.168250436,0.1835305467,2.361112899,0.1828369678
SK-A-3508,pupil,tier1,5,4,0.1693879484,0.121571849,2.995709591,0.008866975916,3.131640321,1.910567692,31.37195106,0.1424970234
SK-A-3508,pupil,tier1,6,0,0.0656115216,0.04589529215,2.997066622,0.001269327019,3.170253882,0.3690824738,2.857623926,0.2522496091
SK-A-3508,pupil,tier1,6,5,0.1101714198,0.0861032401,2.98340864,0.004042681354,3.160268151,0.9379119559,21.86780547,0.07991164758
SK-A-3508,pupil,tier1,7,1,0.1423232921,0.113228374,2.8869628,0.005586917796,3.146513243,1.32350262,40.52561952,0.05683764738
SK-A-3508,pupil,tier1,7,6,0.06003601591,0.03865035937,2.996390751,0.0009881546877,3.176979886,0.3594820053,4.027616994,0.209273176
SK-A-3508,pupil,tier1,8,2,0.07078410599,0.06265181883,2.997037546,0.001415334918,3.187571886,0.4340717385,3.090095841,0.238154734
SK-A-3508,pupil,tier1,8,7,0.05725318614,0.03641911968,2.994131547,0.0007981782584,3.182513787,0.3387660466,3.989837108,0.1533156382
SK-A-3508,pupil,tier1,9,3,0.1375530239,0.1114069178,2.962341985,0.006884432142,3.112246157,1.512629311,13.47678043,0.1344158189
SK-A-3508,pupil,tier1,9,8,0.05605591839,0.03493065819,2.994933127,0.0007601401971,3.170207078,0.3424113028,3.222287728,0.2011145775
SK-A-3508,pupil,tier1,10,4,0.0659962497,0.05197342271,2.997014299,0.001462802628,3.167818982,0.5022117622,3.219192315,0.386617014
SK-A-3516,pupil,tier2,0,0,0.07590860844,0.1680096677,2.982194195,0.001177026186,3.14265461,0.73613088,1.903532491,0.1604722815
SK-A-3516,pupil,tier2,1,7,0.09779370279,0.06055193785,2.996248949,0.001637448434,3.200425763,0.5655254268,8.869734363,0.1255401338
SK-A-3516,pupil,tier2,2,14,0.1003246962,0.06192218744,2.995650519,0.001608020546,3.205398766,0.5534202664,9.85773138,0.06750000628
SK-A-3516,pupil,tier2,4,1,0.1171670013,0.1191951664,2.997238826,0.002899394968,3.205601675,0.9179651817,6.122664416,0.1476310523
SK-A-3516,pupil,tier2,5,8,0.1820271573,0.1299409397,2.934920965,0.004534296571,3.202852602,1.439335991,24.17584481,0.0806377148
SK-A-3516,pupil,tier2,6,15,0.1061169371,0.06562306403,2.991812416,0.001919134088,3.211709008,0.631279597,10.41220233,0.08216479315
SK-A-3516,pupil,tier2,8,2,0.1051938904,0.06577294984,2.990859315,0.001737391177,3.20961821,0.6111896611,7.776968719,0.113690825
SK-A-3516,pupil,tier2,9,9,0.1636343522,0.107335815,2.999743887,0.004026657118,3.206143127,1.194894299,19.37280757,0.09731304171
SK-A-3516,pupil,tier2,10,16,0.103893123,0.07234881163,2.994717442,0.00181295847,3.212405411,0.6369051694,11.74716802,0.06540070362
SK-A-3516,pupil,tier2,12,3,0.1057625606,0.07229933325,2.986001319,0.001884643854,3.210682102,0.6574899029,1.158663325,
SK-A-3516,pupil,tier2,13,10,0.1370080259,0.09890846864,2.939503825,0.003054945588,3.213918971,0.9685021696,1.030268546,0.01632624008
SK-A-3516,pupil,tier2,14,17,0.1069613773,0.06786764031,2.993990848,0.001714392856,3.214101639,0.5966918908,12.35055239,0.05702251132
SK-A-3516,pupil,tier2,16,4,0.1044183237,0.07863903163,2.993344073,0.001810602056,3.209723671,0.6252065973,0.7018855114,
SK-A-3516,pupil,tier2,17,11,0.1315058486,0.12069598,2.947855257,0.002890637002,3.214005667,0.9878745702,0.896555195,
SK-A-3516,pupil,tier2,18,18,0.1130880552,0.07105074976,2.9956197,0.002018239221,3.21317335,0.6659462787,12.93642448,0.07105947997
SK-A-3516,pupil,tier2,20,5,0.0945929345,0.07042998743,2.996124743,0.001503082356,3.19421062,0.5353472066,0.8695233333,
SK-A-3516,pupil,tier2,21,12,0.09965122298,0.06445735443,2.997027485,0.001432902535,3.210950784,0.5446055733,1.046341458,
SK-A-3516,pupil,tier2,22,19,0.1742059871,0.1360603315,2.98700406,0.004521998498,3.205494635,1.394152215,21.6004474,0.1117436994
SK-A-3516,pupil,tier2,24,6,0.1137323866,0.08119470501,2.990866063,0.002248754293,3.209489231,0.7201237932,9.054535574,0.1002231643
SK-A-3516,pupil,tier2,25,13,0.1141997747,0.07322938873,2.999033381,0.00205083364,3.208588324,0.6883665901,6.926645597,0.1767734399
SK-A-3517,pupil,tier2,0,0,0.05638293957,0.03266393702,2.993172743,0.0005173958361,3.179453196,0.2780235875,3.4900477,0.171792861
SK-A-3517,pupil,tier2,1,7,0.07251196569,0.04805955128,2.995945773,0.0009276055167,3.194023854,0.4047443809,7.731002115,0.1454710223
SK-A-3517,pupil,tier2,2,14,0.08346238282,0.04941335166,2.997844442,0.001296755992,3.191042984,0.4438243773,11.17160754,0.08613416997
SK-A-3517,pupil,tier2,4,1,0.1106406962,0.1495362019,2.997802103,0.002767759571,3.197615937,0.9649331862,8.409333515,0.2984242229
SK-A-3517,pupil,tier2,5,8,0.06689139987,0.03940110216,2.993631424,0.0006982787429,3.19190867,0.2827332102,9.904099332,0.09773505013
SK-A-3517,pupil,tier2,6,15,0.1161843527,0.1055465788,2.985525516,0.002352128249,3.197434217,0.7975953035,7.533742581,0.1590474067
SK-A-3517,pupil,tier2,8,2,0.07145616466,0.04676068913,2.99471433,0.0009285306679,3.195297543,0.3531572151,6.013221047,0.1392802442
SK-A-3517,pupil,tier2,9,9,0.07116393769,0.04340206082,2.994736164,0.0008603726803,3.189646465,0.3562210411,11.99057457,0.05970811579
SK-A-3517,pupil,tier2,10,16,0.09257150117,0.05461530041,2.991496813,0.001537822158,3.188060615,0.5137637944,12.12870997,0.0683382318
SK-A-3517,pupil,tier2,12,3,0.0681349267,0.04403767141,2.997690041,0.0008287493344,3.191638087,0.4050629852,6.696236999,0.1421073213
SK-A-3517,pupil,tier2,13,10,0.1095949816,0.08090088074,2.978914201,0.001549630747,3.209503771,0.6071134934,16.91245259,0.06510423554
SK-A-3517,pupil,tier2,14,17,0.09229520777,0.05579407486,2.995365768,0.001669529292,3.181194977,0.5372572557,2.059703729,0.0973339378
SK-A-3517,pupil,tier2,16,4,0.07831484788,0.0505968576,2.994617366,0.001069226143,3.191804871,0.3989990691,4.425710851,0.1373560236
SK-A-3517,pupil,tier2,17,11,0.1273287846,0.1092962986,2.989958563,0.00238663744,3.202069039,0.8627536297,7.87082624,0.08623421214
SK-A-3517,pupil,tier2,18,18,0.09302742997,0.0597802412,2.99708568,0.001823574048,3.180041689,0.5722763239,1.536871616,0.1601954302
SK-A-3517,pupil,tier2,20,5,0.1320179617,0.1159108737,2.948265488,0.002501840947,3.202587691,0.9060663934,12.56767808,0.1651946385
SK-A-3517,pupil,tier2,21,12,0.1196185432,0.1143240214,2.994470729,0.003122070042,3.172289559,0.9409164752,3.113126944,0.09758123992
SK-A-3517,pupil,tier2,22,19,0.09668820445,0.06196804814,2.998855615,0.001930184762,3.171118131,0.5810913923,1.297816922,0.267186576
SK-A-3517,pupil,tier2,24,6,0.09653568541,0.07797240167,2.986180801,0.001724538333,3.195259978,0.6066799544,7.073319845,0.0784142957
SK-A-3517,pupil,tier2,25,13,0.1104984511,0.07161258122,2.998529739,0.002741673044,3.168369326,0.7595296758,6.535515522,0.156924519
SK-A-3934,validation,,0,0,0.03824511881,0.02498419227,2.933430841,0.0001702386161,3.077211476,0.2261491975,8.387570115,0.0954338872
SK-A-3934,validation,,0,6,0.03789080419,0.02631433412,2.969691778,0.0001837773322,3.082593641,0.1340273711,9.20204023,0.08334291294
SK-A-3934,validation,,1,2,0.03580146435,0.02234726435,2.965351756,0.0001523703961,3.069983324,0.1278977674,11.09918741,0.07300971707
SK-A-3934,validation,,1,8,0.0387337523,0.02496192422,2.976163733,0.0001777882109,3.087724454,0.1417142621,9.381017568,0.08671779338
SK-A-3934,validation,,2,4,0.05052106416,0.0334717652,2.993168338,0.0002977742187,3.134608472,0.218771752,8.012165644,0.1541965574
SK-A-3934,validation,,3,0,0.03522875946,0.0243816981,2.962939519,0.00017339278,3.056127984,0.08944619612,11.46443191,0.06178965101
SK-A-3934,validation,,3,6,0.04779781054,0.03094931229,2.979987292,0.0002892234682,3.141407286,0.2093205261,12.89290515,0.08710755338
SK-A-3934,validation,,4,2,0.05071097932,0.03427260545,2.986798069,0.0002731483283,3.120135915,0.2274864496,11.88382215,0.09506061277
SK-A-3934,validation,,4,8,0.04667713836,0.03091718133,2.957431999,0.0003094686475,3.146663814,0.1960184977,5.503040104,0.1155153576
SK-A-3934,validation,,5,4,0.06713573965,0.05540619648,2.949651437,0.0005279870097,3.097955883,0.3027599357,24.30297228,0.1016041415
SK-A-3934,validation,,6,0,0.0407073494,0.02617277963,2.984568969,0.0002150755699,3.101861564,0.1401646322,11.51959017,0.06429345151
SK-A-3934,validation,,6,6,0.02716800695,0.01959120887,2.859238324,9.576014603e-05,2.875937168,0.1411347086,16.23549531,0.083235183
SK-A-3934,validation,,7,2,0.03747924462,0.02527051362,2.980702452,0.000149010346,3.051030502,0.1433732715,14.49114414,0.06091446332
SK-A-3934,validation,,7,8,0.03139782323,0.02122715848,2.94880454,0.0001497994604,3.014417968,0.07560109905,8.791414856,0.07851595314
SK-A-3934,validation,,8,4,0.08814609574,0.06945193829,2.992491013,0.0009223254675,3.14313256,0.4269781391,17.23561679,0.0902709567
SK-A-3934,validation,,9,0,0.05356694606,0.03449494092,2.98350353,0.0003768007049,3.163037132,0.2355002778,9.82815488,0.1004551309
SK-A-3934,validation,,9,6,0.03862337333,0.03227381176,2.944234754,0.0001645354047,3.031364405,0.1665574374,9.555293986,0.1453481448
SK-A-3934,validation,,10,2,0.06229554132,0.04339812895,2.97374777,0.0006420249551,3.193493828,0.3247538399,3.947640199,0.2233210198
SK-A-3934,validation,,10,8,0.04887886902,0.03254587195,2.970146086,0.0003071844577,3.140951836,0.207351846,7.50103849,0.1219942732
SK-A-3934,validation,,11,4,0.05401209629,0.03336088488,2.945760149,0.0004214395761,3.176167945,0.2280158551,4.651305066,0.2114668909
SK-A-3969,pupil,tier1,0,0,0.04324139337,0.04210412728,2.97738425,0.0002207869676,3.048863099,0.2288224254,0.9656017865,0.1250263131
SK-A-3969,pupil,tier1,1,27,0.06871065361,0.06177730474,2.937085313,0.0004610334859,3.104333643,0.3212645827,1.17456718,0.1708552712
SK-A-3969,pupil,tier1,3,24,0.05369295219,0.05810114855,2.953859347,0.0004061376158,3.079718176,0.2322432923,2.797802732,0.3758865793
SK-A-3969,pupil,tier1,5,21,0.03282716504,0.043414017,2.950130443,0.0001874767468,2.964272383,0.07449259042,5.990991304,0.1834027047
SK-A-3969,pupil,tier1,7,18,0.02952374161,0.04241846271,2.891520692,0.0001561851996,2.857759926,0.09898352927,5.364301118,0.2085208406
SK-A-3969,pupil,tier1,9,15,0.114305367,0.08258136271,2.974925239,0.001538412028,3.201211203,0.6427460475,30.93426496,0.04149246656
SK-A-3969,pupil,tier1,11,12,0.1333755377,0.08779798306,2.992011303,0.001923269188,3.200450038,0.7639215201,32.64021654,0.07674043759
SK-A-3969,pupil,tier1,13,9,0.05415156888,0.03439396391,2.984788021,0.0003052770522,3.154938101,0.2173896071,15.18313468,0.05932009952
SK-A-3969,pupil,tier1,15,6,0.04179102346,0.04185939628,2.973768007,0.000278156736,3.084695809,0.2334169632,7.7972359,0.1661927096
SK-A-3969,pupil,tier1,17,3,0.03818688621,0.03500458224,2.940667667,0.0001941985938,3.027820038,0.09825112983,4.824672799,0.2316613962
SK-A-3969,pupil,tier1,19,0,0.05599687028,0.04728019461,2.980965899,0.0003546969352,3.137134614,0.227438779,4.935626808,0.2468541334
SK-A-3969,pupil,tier1,20,27,0.04647988582,0.05059706474,2.962322341,0.0002446229589,3.052580605,0.1945293005,2.51673947,0.3055338108
SK-A-3969,pupil,tier1,22,24,0.03564354826,0.02807218615,2.955586934,0.0001423950103,2.99581772,0.1195678123,5.63399369,0.2564788949
SK-A-3969,pupil,tier1,24,21,0.06187175062,0.05039571358,2.992098377,0.0003893661894,3.141228068,0.2719881237,12.21140163,0.1109405632
SK-A-3969,pupil,tier1,26,18,0.07143978141,0.06129042163,2.993530102,0.0005459650844,3.166389566,0.3261458943,14.87936408,0.09634675979
SK-A-3969,pupil,tier1,28,15,0.133397629,0.2070829377,2.998283994,0.003389459314,3.18421461,1.401570124,12.27131309,0.1383110569
SK-A-3969,pupil,tier1,30,12,0.05697847275,0.05221248826,2.988712241,0.0003101470498,3.111091665,0.2472558293,9.531299237,0.1395483092
SK-A-3969,pupil,tier1,32,9,0.0666257778,0.06557446485,2.994847126,0.0003998927114,3.100861642,0.2932656187,6.873737371,0.2160323803
SK-A-3969,pupil,tier1,34,6,0.09770141804,0.06645692268,2.99544601,0.0007285429379,3.157862641,0.4346196117,31.85559836,0.07755435322
SK-A-3969,pupil,tier1,36,3,0.04704578806,0.03871819724,2.983860026,0.0002531184064,3.091471772,0.1988120655,11.54756988,0.2098924986
SK-A-397,pupil,tier2,0,0,0.08433839068,0.05717207878,2.993748725,0.0007041627104,3.186159947,0.4073503446,11.80377411,0.09858527711
SK-A-397,pupil,tier2,1,24,0.1234749959,0.07306200491,2.947046856,0.00190386728,3.219296841,0.7047577436,25.5704502,0.1793094997
SK-A-397,pupil,tier2,3,20,0.1337787512,0.08977575309,2.985225142,0.002202763626,3.2188215,0.8154978755,21.94270292,0.06901870745
SK-A-397,pupil,tier2,5,15,0.06680712789,0.04311480414,2.994510844,0.0003936257114,3.155425126,0.28912564,10.24341948,0.1604722376
SK-A-397,pupil,tier2,7,11,0.06265932214,0.04107713242,2.974825306,0.0003552067663,3.155466477,0.269723511,22.76563978,0.2219558142
SK-A-397,pupil,tier2,9,7,0.05485456305,0.04930249084,2.984768601,0.0004014916692,3.15072949,0.2275454559,22.00398509,0.03618775108
SK-A-397,pupil,tier2,11,2,0.07301303088,0.04813446595,2.981118042,0.000535482554,3.180538806,0.3252752128,17.21040927,0.05403080938
SK-A-397,pupil,tier2,12,27,0.05748811834,0.04028616723,2.981608006,0.0002591255534,3.113151815,0.2448553368,17.96637115,0.08223060316
SK-A-397,pupil,tier2,14,23,0.09880134259,0.06522039694,2.987610083,0.0006387147572,3.119724405,0.4215144213,26.58271316,0.09484712139
SK-A-397,pupil,tier2,16,18,0.1560381548,0.09138809737,2.962005992,0.003544028724,3.216678899,1.098582571,20.67164662,0.04176609731
SK-A-397,pupil,tier2,18,14,0.09104028913,0.06143066991,2.988729567,0.0007823850172,3.195436484,0.423049187,4.262884582,0.1377315657
SK-A-397,pupil,tier2,20,10,0.08628703869,0.06761503108,2.984230227,0.0007982112831,3.201508569,0.4476666216,3.928820817,0.06364242253
SK-A-397,pupil,tier2,22,5,0.07401580943,0.06078565026,2.995630069,0.0006582182964,3.178410891,0.3453316667,22.24899178,0.03577397575
SK-A-397,pupil,tier2,24,1,0.07703231005,0.06912164848,2.998242679,0.0008169428391,3.186877332,0.3980211852,37.78742352,0.02991788871
SK-A-397,pupil,tier2,25,26,0.1845728666,0.1537156334,2.957017735,0.003313101654,3.194213554,1.37913585,28.68461912,0.1576934013
SK-A-397,pupil,tier2,27,21,0.09644777921,0.06091025705,2.996565939,0.001177717834,3.208267811,0.4955652148,21.18212464,0.04672138169
SK-A-397,pupil,tier2,29,17,0.1093778721,0.1419532769,2.98196136,0.002149452116,3.172473047,0.8730873985,6.79670009,0.3435431215
SK-A-397,pupil,tier2,31,13,0.05381880813,0.04334754292,2.975251574,0.0003291682811,3.141490376,0.3173379577,3.680949937,0.04827322771
SK-A-397,pupil,tier2,33,8,0.07800438845,0.05817425761,2.994926218,0.0006248710496,3.19396547,0.4061932646,3.977881642,0.2072583429
SK-A-397,pupil,tier2,35,4,0.06817160867,0.04043744092,2.994748474,0.0004604184441,3.169862146,0.2978098584,25.62369321,0.03913034116
SK-A-3982,cohort,,0,0,0.05182475696,0.03867633858,2.982228996,0.0004778889721,3.167389757,0.2265930213,10.46554978,0.1116265001
SK-A-3982,cohort,,0,1,0.04953066581,0.04091508825,2.970786211,0.0003973241841,3.117054426,0.2329463388,3.772192498,0.1945129271
SK-A-3982,cohort,,0,2,0.04338061918,0.0433092422,2.966197757,0.0004711077216,3.072862838,0.2202127532,2.407822682,0.1819247331
SK-A-3982,cohort,,0,3,0.04411554843,0.04147261692,2.921376554,0.0005379057245,3.086181714,0.2389037281,4.26724521,0.1923483208
SK-A-3982,cohort,,1,0,0.06126673418,0.04678058945,2.984235509,0.0007622381948,3.191491772,0.3149141931,12.87912955,0.1061697838
SK-A-3982,cohort,,1,1,0.1428313613,0.1201075238,2.990705904,0.004035791274,3.202091411,1.129568113,17.56286051,0.1755393037
SK-A-3982,cohort,,1,2,0.09908700414,0.07828940527,2.989434097,0.001443802222,3.190250825,0.5510414696,13.32082807,0.1611814186
SK-A-3982,cohort,,1,3,0.05381135296,0.04434980073,2.94766245,0.0007119068789,3.157176626,0.2804029849,9.822783777,0.1162832721
SK-A-3982,cohort,,2,0,0.05385240253,0.03571388512,2.992918403,0.000504947853,3.174579497,0.254772758,12.98346092,0.09372458749
SK-A-3982,cohort,,2,1,0.1725564685,0.2235966901,2.97417808,0.008106786968,3.187997135,2.263786016,15.89024334,0.1211690318
SK-A-3982,cohort,,2,2,0.1447968494,0.2010989154,2.985180595,0.006043295086,3.192966522,1.709888519,8.781600351,0.2029384523
SK-A-3982,cohort,,2,3,0.08860740737,0.1853774113,2.964983589,0.004766534973,3.12914963,1.175444274,3.718340842,0.2233301786
SK-A-3982,cohort,,3,0,0.03719098263,0.02743740587,2.961277146,0.0002175283292,3.074206042,0.137416783,6.795410129,0.1580821768
SK-A-3982,cohort,,3,1,0.03811227543,0.03352765722,2.903771426,0.0002481954375,3.044925694,0.2064111977,2.330238309,0.1069547315
SK-A-3982,cohort,,3,2,0.03985150966,0.0304860762,2.941063081,0.0003106225967,3.107607236,0.1722610843,1.408555126,0.1817464654
SK-A-3982,cohort,,3,3,0.03619191443,0.03348183965,2.910856662,0.0004138736948,3.010510035,0.1684000721,1.736803748,0.200172687
SK-A-3982,cohort,,4,0,0.03181302893,0.02457311977,2.929096107,0.0001623848683,2.998047011,0.1173411858,3.157476018,0.1346664702
SK-A-3982,cohort,,4,1,0.03677707578,0.03220806578,2.909707373,0.0003042670727,3.036892669,0.2024049968,1.320772161,0.04824425443
SK-A-3982,cohort,,4,2,0.1208229534,0.2314470565,2.986149624,0.007512662152,3.157965113,1.862453944,3.865157512,0.1342625599
SK-A-3982,cohort,,4,3,0.04227721261,0.03691726386,2.956616703,0.0003137126215,3.089037056,0.180897332,1.995355603,0.1878495441
SK-A-4047,pupil,tier1,0,0,0.04733575979,0.03899172184,2.902399432,0.0002659266198,3.08417832,0.1721849616,1.431682256,0.2032296476
SK-A-4047,pupil,tier1,0,4,0.04130856938,0.03501552132,2.947711151,0.0002961166058,3.081658476,0.1530852965,1.926946072,0.1649711952
SK-A-4047,pupil,tier1,1,0,0.04233141068,0.03558632417,2.953395614,0.0002944178145,3.086395715,0.2437403721,7.061640548,0.118790475
SK-A-4047,pupil,tier1,1,4,0.05552807735,0.03650705587,2.99160838,0.0004351571757,3.187759914,0.2147139768,8.589262938,0.1209438589
SK-A-4047,pupil,tier1,2,0,0.04398766643,0.03434452463,2.974895395,0.0003212304163,3.121936964,0.2265741783,7.266295434,0.178708512
SK-A-4047,pupil,tier1,2,4,0.05953309031,0.04034761254,2.990707307,0.0006034604799,3.189284533,0.2733080342,10.1265918,0.1117265726
SK-A-4047,pupil,tier1,3,0,0.07195161379,0.04438166192,2.99588206,0.0007502576833,3.205022656,0.3771683708,9.089841634,0.1115498022
SK-A-4047,pupil,tier1,3,4,0.07825367856,0.05745409335,2.98998601,0.0008201855099,3.195585938,0.3925785625,12.08850878,0.08461959306
SK-A-4047,pupil,tier1,4,0,0.05671568169,0.03867614955,2.992164464,0.000423720515,3.179273602,0.2381019624,9.113215567,0.1152618188
SK-A-4047,pupil,tier1,4,4,0.08823418609,0.09845542462,2.987091489,0.000716530311,3.149418746,0.4673884059,16.14102576,0.1272228086
SK-A-4047,pupil,tier1,5,0,0.04745610846,0.03317938165,2.973893983,0.0002813822383,3.14659518,0.2206676126,6.967772311,0.3386849115
SK-A-4047,pupil,tier1,5,4,0.09193411697,0.09571422015,2.979428336,0.0006980107185,3.133397215,0.4659932736,18.35135263,0.1369652084
SK-A-4047,pupil,tier1,6,0,0.04999446982,0.04162527178,2.970086026,0.0003051328307,3.133849017,0.2486697296,5.958055715,0.4062761494
SK-A-4047,pupil,tier1,6,4,0.08058968009,0.06134939857,2.994566151,0.0007248052328,3.179548004,0.3738399922,12.36775697,0.1805360543
SK-A-4047,pupil,tier1,7,0,0.06402684441,0.0580216646,2.976210331,0.0004950802237,3.155357735,0.3154532829,7.575306915,0.2761183085
SK-A-4047,pupil,tier1,7,4,0.1170898036,0.1123738441,2.994277526,0.001833984218,3.185232188,0.7469451076,17.0413926,0.2797830002
SK-A-4047,pupil,tier1,8,0,0.06010608297,0.05175985275,2.975671534,0.0003708247876,3.144485096,0.2739034278,15.86983975,0.1124804113
SK-A-4047,pupil,tier1,8,4,0.1032827473,0.09111735089,2.993429443,0.001179527116,3.178274409,0.5682674204,16.35123815,0.2634465808
SK-A-4047,pupil,tier1,9,0,0.07173516019,0.0545093902,2.989236605,0.0005345638721,3.190802113,0.3246558714,14.42621062,0.1327483174
SK-A-4047,pupil,tier1,9,4,0.05078113298,0.03879283319,2.987803151,0.000340525793,3.146458326,0.270363347,6.039885625,0.2933798292
SK-A-4050,cohort,,0,0,0.1074409288,0.06422798018,2.984291141,0.003149390405,3.155766803,0.7919652268,12.66905907,0.06308026243
SK-A-4050,cohort,,1,8,0.1538860529,0.1665493785,2.981436506,0.008961445409,3.173875138,1.924369623,14.9054643,0.08598081621
SK-A-4050,cohort,,2,16,0.05947706908,0.055657618,2.981683444,0.001362220755,3.17763732,0.4368852004,0.9337128492,0.07403129315
SK-A-4050,cohort,,4,1,0.1087674057,0.08262401803,2.991303455,0.003962365512,3.15793227,0.9099279312,14.71387875,0.06018330952
SK-A-4050,cohort,,5,9,0.303132766,0.2196094568,2.925339145,0.04135345235,2.985175999,6.762313935,35.14450711,0.07660716507
SK-A-4050,cohort,,6,17,0.05200065848,0.0457030848,2.982934984,0.0008717589328,3.172851315,0.2598807862,1.154662244,0.01615873493
SK-A-4050,cohort,,8,2,0.09395619757,0.06106772901,2.980910257,0.002189025925,3.192217477,0.6106570275,13.99916397,0.05109238218
SK-A-4050,cohort,,9,10,0.1550703432,0.1535991467,2.997176708,0.01204315034,3.149223116,2.147357927,18.27356164,0.09327645699
SK-A-4050,cohort,,10,18,0.07193966589,0.0557953327,2.985188246,0.001739710523,3.190956715,0.4355080852,0.9652702021,
SK-A-4050,cohort,,12,3,0.07319139112,0.05033005877,2.996091359,0.001410588456,3.180327346,0.454699488,10.51972712,0.1127104337
SK-A-4050,cohort,,13,11,0.09118170144,0.08789496768,2.976130203,0.00436161347,3.135679044,0.917233458,1.491498836,0.2851420893
SK-A-4050,cohort,,14,19,0.06600558925,0.06158056316,2.979997588,0.001774453664,3.184419294,0.4235626023,1.611934511,
SK-A-4050,cohort,,16,4,0.067571384,0.05388823421,2.983021912,0.001279075829,3.197457939,0.4393305106,11.24555221,0.08299225823
SK-A-4050,cohort,,17,12,0.1155259156,0.1293204794,2.985346678,0.008891923331,3.072997236,1.649959762,1.631454887,0.377920097
SK-A-4050,cohort,,18,20,0.08718945879,0.06897740218,2.986050973,0.002465694295,3.184908586,0.6403644731,12.90603938,0.1133200259
SK-A-4050,cohort,,20,5,0.06972272683,0.05189291372,2.983838989,0.001280953498,3.193857653,0.4290405087,4.824064047,0.1510834364
SK-A-4050,cohort,,21,13,0.08048115952,0.06699692212,2.986443326,0.002414511472,3.173147586,0.6439520742,2.271237685,0.3031988213
SK-A-4050,cohort,,22,21,0.1077347203,0.08672774546,2.996880627,0.004656304638,3.139622338,0.9782335631,20.81492072,0.08021905045
SK-A-4050,cohort,,24,6,0.06718166705,0.06058765966,2.990281658,0.00136301147,3.190496598,0.4645645091,2.00399207,
SK-A-4050,cohort,,25,14,0.06604695948,0.04824973723,2.988732668,0.001257236498,3.174046354,0.3775748089,1.730319083,-0
SK-A-4057,cohort,,0,0,0.2473485261,0.3729012384,2.736528337,0.01172731695,2.963493047,4.737486149,3.214999039,1.284684906
SK-A-4057,cohort,,0,11,0.05182200508,0.07393883016,2.883719158,0.0006103302908,3.039305496,0.2848255334,3.023228422,0.2046178153
SK-A-4057,cohort,,1,9,0.04878228523,0.0457410897,2.869059838,0.0004574182059,3.091328725,0.1981780851,2.387151626,0.3452112258
SK-A-4057,cohort,,2,7,0.04361315341,0.02893123819,2.973465354,0.0002268802879,3.107552354,0.1762997913,4.728933151,0.1879290564
SK-A-4057,cohort,,3,5,0.04788486956,0.0321660357,2.948999209,0.0003055493499,3.123115512,0.2191230125,4.096996626,0.2375497871
SK-A-4057,cohort,,4,3,0.0574441593,0.06513870547,2.984647727,0.0006251961795,3.154599483,0.3220803868,3.378137691,0.4306764476
SK-A-4057,cohort,,5,1,0.1329623646,0.1890776829,2.586536049,0.003924928546,3.015178281,1.490154948,2.706600416,0.1386599758
SK-A-4057,cohort,,5,13,0.1979681793,0.3010141089,2.353961094,0.003933162712,2.871659326,2.436853145,2.601489216,0.02566005563
SK-A-4057,cohort,,6,11,0.05838958378,0.03481994858,2.970375914,0.0004154689594,3.169644835,0.2466225245,7.645778709,0.1466996376
SK-A-4057,cohort,,7,9,0.05207700024,0.0312147717,2.973614449,0.0002844874517,3.1441851,0.2085920304,10.50137423,0.1183056994
SK-A-4057,cohort,,8,7,0.0799916754,0.05155507187,2.997170542,0.0005215709779,3.121928616,0.3467144873,27.04798668,0.1510527318
SK-A-4057,cohort,,9,4,0.1084182873,0.07778343094,2.918413762,0.001198291045,3.160701614,0.5485821209,13.33646122,0.1355006667
SK-A-4057,cohort,,10,2,0.06819407434,0.1051886861,2.900595201,0.0009573277888,3.125718738,0.4323923097,3.730235147,0.2633760214
SK-A-4057,cohort,,11,0,0.1051993438,0.1370661521,2.299476096,0.00151762562,2.698807347,0.7531157005,1.858112028,0.1460729042
SK-A-4057,cohort,,11,12,0.09193842944,0.2293538513,2.856836535,0.003179735064,3.060172616,1.337449589,2.97355666,0.1828693634
SK-A-4057,cohort,,12,10,0.0356439312,0.02618874657,2.920490627,0.0001995963866,3.018991818,0.1628656367,5.271716017,0.2101222242
SK-A-4057,cohort,,13,8,0.03315192407,0.02723993759,2.903528507,0.0001761173029,2.997521726,0.087227227,1.19312123,
SK-A-4057,cohort,,14,6,0.02797281023,0.02154336131,2.859359324,0.0001316612217,2.889065789,0.02723976397,1.23763153,
SK-A-4057,cohort,,15,4,0.04002922907,0.02961559119,2.960463962,0.0001536859702,3.076016694,0.1648016606,1.503011971,0.001420620945
SK-A-4057,cohort,,16,2,0.1112401717,0.1901806402,2.791525755,0.002664161683,3.040224012,1.142914809,2.126803075,0.1427313091
SK-A-4090,pupil,tier2,0,0,0.05517279238,0.04094706928,2.989905496,0.0003966197174,3.163606154,0.3056111587,3.601094701,0.5422169876
SK-A-4090,pupil,tier2,1,12,0.06298112688,0.05301670514,2.986139253,0.0005169481517,3.169746582,0.3180268907,9.846522081,0.1080539136
SK-A-4090,pupil,tier2,2,25,0.05371057676,0.03934889997,2.981290536,0.0003192908283,3.146404933,0.2575389247,3.16486396,
SK-A-4090,pupil,tier2,4,1,0.05678925602,0.04732223931,2.990879037,0.0004549836948,3.164170498,0.2563146555,3.789381359,0.3077214494
SK-A-4090,pupil,tier2,5,14,0.05272023284,0.04511757348,2.982931066,0.0003827812543,3.145543778,0.2719129018,5.577291798,0.1902227536
SK-A-4090,pupil,tier2,6,27,0.05230151446,0.0414836173,2.991386319,0.0003411329944,3.14657121,0.1969672537,8.530742244,0.1290487312
SK-A-4090,pupil,tier2,8,3,0.05977742546,0.04345850869,2.99172153,0.000428972338,3.165724308,0.2486180803,7.442079654,0.1774037693
SK-A-4090,pupil,tier2,9,16,0.0814494044,0.05373277917,2.968481639,0.0006923900576,3.1911464,0.3674938817,12.20377062,0.07619525423
SK-A-4090,pupil,tier2,10,28,0.06451984496,0.06310779068,2.991267592,0.0005637249833,3.158452119,0.319153942,9.331373303,0.1310202302
SK-A-4090,pupil,tier2,12,5,0.05536056769,0.04388544292,2.988823887,0.0004359419754,3.161739882,0.2729672087,7.09063324,0.1772364624
SK-A-4090,pupil,tier2,13,18,0.06422567597,0.051496532,2.987631415,0.0004519168745,3.164723033,0.3192588922,3.170223798,0.3768189969
SK-A-4090,pupil,tier2,14,30,0.101844704,0.08050463836,2.981092641,0.001163093682,3.18549115,0.5382689218,21.36911622,0.09168123063
SK-A-4090,pupil,tier2,16,7,0.08479340538,0.06948070873,2.990578608,0.0008564461515,3.168085777,0.42630362,8.956123494,0.1355749742
SK-A-4090,pupil,tier2,17,19,0.1298113929,0.09695118828,2.981765229,0.001629642653,3.186766042,0.7289239223,15.18239136,0.1446524708
SK-A-4090,pupil,tier2,18,32,0.05758571964,0.04568646878,2.989466672,0.0004639252217,3.166132628,0.2664977554,7.470731815,0.1422455383
SK-A-4090,pupil,tier2,20,9,0.1652650464,0.1447452587,2.979129191,0.003153000846,3.192898469,1.231944132,34.97749975,0.032570722
SK-A-4090,pupil,tier2,21,21,0.242713641,0.2675561951,2.883213079,0.007012226443,3.175778522,2.911406018,24.67805579,0.1155195787
SK-A-4090,pupil,tier2,22,34,0.06367706485,0.06258014109,2.992595916,0.0005749557908,3.142421511,0.3115369428,6.819249518,0.1907846513
SK-A-4090,pupil,tier2,24,10,0.2091128988,0.2495966371,2.991600063,0.004829954479,3.178971116,2.208612375,18.81430986,0.1039550021
SK-A-4090,pupil,tier2,25,23,0.1114423348,0.07527741913,2.944081731,0.001321541321,3.195916083,0.5756759455,14.27625292,0.07085849373
SK-A-4096,ambiguous,,0,0,0.1523911617,0.1658292668,2.953876341,0.004094268643,3.202388696,1.323417188,30.21409175,0.08611595794
SK-A-4096,ambiguous,,0,2,0.1460952607,0.09754968242,2.973308333,0.003261767298,3.235118835,1.0532982,32.07724,0.085292026
SK-A-4096,ambiguous,,0,5,0.1284464285,0.1707164896,2.800614145,0.001766896776,3.123055204,0.9584572016,12.86852598,0.1837892688
SK-A-4096,ambiguous,,1,1,0.230001256,0.2303781613,2.983300367,0.009074930871,3.185587754,2.684933486,25.73174157,0.1488474339
SK-A-4096,ambiguous,,1,4,0.225244594,0.2123438911,2.96288536,0.007949235739,3.184090135,2.437619552,24.51737281,0.1455799598
SK-A-4096,ambiguous,,2,0,0.1621989417,0.1507136807,2.849291914,0.003446285086,3.124308929,1.226809153,29.31414991,0.1570938449
SK-A-4096,ambiguous,,2,2,0.1463741689,0.1517737711,2.832723315,0.002004237384,3.102843188,1.004056574,23.69994961,0.1557455982
SK-A-4096,ambiguous,,2,5,0.2434241864,0.1881646307,2.99848115,0.008825421898,3.182775814,2.497048857,18.87208221,0.1052982036
SK-A-4096,ambiguous,,3,1,0.214139278,0.2219393259,2.917011591,0.008046537556,3.14527639,2.377320541,18.42712596,0.2140983022
SK-A-4096,ambiguous,,3,4,0.25753386,0.2263165491,2.892053739,0.009419680097,3.135887139,2.930104875,22.59324176,0.1401973221
SK-A-4096,ambiguous,,4,0,0.2145055373,0.2525472525,2.865752039,0.009172716554,3.16711821,2.83503153,21.97769498,0.1712294928
SK-A-4096,ambiguous,,4,2,0.1313709495,0.1497581002,2.954535946,0.003893413297,3.188837729,1.168690074,20.78728337,0.2054103062
SK-A-4096,ambiguous,,4,5,0.194227211,0.1573849774,2.98068558,0.004945137244,3.17855023,1.590151945,20.7833355,0.1704739162
SK-A-4096,ambiguous,,5,1,0.1625604219,0.1718463158,2.877510699,0.003720743842,3.136248828,1.383558548,24.46978262,0.1794547031
SK-A-4096,ambiguous,,5,4,0.1502841574,0.1713866028,2.941004476,0.004033695576,3.194617388,1.367057115,15.63353288,0.2323983299
SK-A-4096,ambiguous,,6,0,0.1143178063,0.1271966204,2.978721924,0.002597885637,3.169794297,0.8786668769,26.59921317,0.1277861629
SK-A-4096,ambiguous,,6,2,0.1482877811,0.1530667725,2.989192549,0.003834901017,3.18541603,1.239998048,18.36016169,0.1120947545
SK-A-4096,ambiguous,,6,5,0.2046091144,0.1743908133,2.972867828,0.005504038814,3.177822898,1.809489137,22.43955024,0.1523931786
SK-A-4096,ambiguous,,7,1,0.2333061754,0.2344071877,2.970647293,0.009447842446,3.179705159,2.845772638,18.98387234,0.1968432044
SK-A-4096,ambiguous,,7,4,0.1850404581,0.2156819132,2.905353048,0.004621765842,3.123624169,1.774744906,18.89934483,0.2044044464
SK-A-4166,pupil,tier1,0,0,0.04728674302,0.03985090161,2.986434665,0.0005932241421,3.157049336,0.3092489828,7.504631098,0.1587004191
SK-A-4166,pupil,tier1,1,0,0.04993994631,0.04846857231,2.982490339,0.0008986305918,3.162344013,0.2535951834,8.316747342,0.08081723454
SK-A-4166,pupil,tier1,2,0,0.05363989115,0.05941272216,2.983233427,0.001120935157,3.166748631,0.2992681261,8.317767625,0.1137502042
SK-A-4166,pupil,tier1,3,0,0.0615695844,0.0737228547,2.993894965,0.001600039247,3.190009552,0.4314636728,8.771540749,0.08812432515
SK-A-4166,pupil,tier1,4,0,0.0686444546,0.07687325257,2.995219078,0.001858920456,3.185479681,0.5201645572,8.857277428,0.114987952
SK-A-4166,pupil,tier1,5,0,0.06472550803,0.05935893063,2.990323438,0.001640991587,3.190678933,0.4277446962,9.045184588,0.1114634874
SK-A-4166,pupil,tier1,6,0,0.06462042662,0.07369868504,2.976406154,0.00171429664,3.196814739,0.4599643409,9.018191643,0.07173355758
SK-A-4166,pupil,tier1,7,0,0.07244309319,0.05875171787,2.995358919,0.001521790169,3.195179366,0.4254454754,9.079655656,0.07759682268
SK-A-4166,pupil,tier1,8,0,0.0676110626,0.05451668589,2.970401916,0.001355139925,3.185785672,0.3883358858,9.168496767,0.06155547165
SK-A-4166,pupil,tier1,9,0,0.0725208931,0.06501728492,2.927607881,0.001912724635,3.184923645,0.5218074261,9.766848214,0.07669872589
SK-A-4166,pupil,tier1,10,0,0.07527632686,0.09196892614,2.956610912,0.003042038456,3.174788384,0.6813630017,10.73681508,0.06773831629
SK-A-4166,pupil,tier1,11,0,0.07068257563,0.07310834834,2.968438821,0.001900977195,3.168545497,0.5211333574,11.66896621,0.06583815221
SK-A-4166,pupil,tier1,12,0,0.07301647185,0.07894994461,2.985937994,0.002538950825,3.174585548,0.5784629821,11.78554756,0.08236689192
SK-A-4166,pupil,tier1,13,0,0.07394672651,0.08383240108,2.983792893,0.002330366021,3.177338673,0.5879708872,10.45708588,0.1145023405
SK-A-4166,pupil,tier1,14,0,0.06419318114,0.0962720316,2.963825872,0.001978485291,3.165736034,0.5642132487,7.609273205,0.2296329785
SK-A-4166,pupil,tier1,15,0,0.05995958405,0.05508834761,2.988767226,0.0008686992761,3.18224114,0.3411079081,4.940123935,0.4680363279
SK-A-4166,pupil,tier1,16,0,0.04973563318,0.04449142992,2.984324243,0.0006733226503,3.160035135,0.2294300557,4.162524687,0.1552405314
SK-A-4166,pupil,tier1,17,0,0.05469032035,0.06168605717,2.990299069,0.00104734579,3.166160404,0.3565515067,3.778748946,0.1554588992
SK-A-4166,pupil,tier1,18,0,0.0508768466,0.06870613371,2.965231789,0.001087224315,3.117005866,0.344632449,3.20722575,0.2860924691
SK-A-4166,pupil,tier1,19,0,0.07157223997,0.08456014812,2.977211048,0.001832805851,3.166021482,0.5142850172,3.165820599,0.1208441725
SK-A-43,pupil,tier1,0,0,0.0717096758,0.05022170444,2.966964108,0.0005535994773,3.185320126,0.3318648559,16.64380823,0.106066766
SK-A-43,pupil,tier1,1,23,0.06425864435,0.05024510419,2.995042616,0.0004235583983,3.160875068,0.2861978439,9.40495138,0.1412761923
SK-A-43,pupil,tier1,3,17,0.05959528742,0.03601221919,2.987026563,0.0003870413424,3.161647412,0.2113318469,10.73148205,0.07249303959
SK-A-43,pupil,tier1,5,11,0.147481593,0.1005293678,2.991244355,0.002656913369,3.204072603,0.9403827155,27.18914277,0.08786979675
SK-A-43,pupil,tier1,7,5,0.0586515006,0.03668925261,2.984428294,0.0003403619156,3.163324826,0.2467659114,7.397255857,0.1160890128
SK-A-43,pupil,tier1,9,0,0.0524303827,0.03493817638,2.989579995,0.0002730274569,3.145943417,0.2282184736,12.06687732,0.04743331884
SK-A-43,pupil,tier1,10,23,0.06829740786,0.0394455463,2.994940826,0.0004539930276,3.188188017,0.2786252871,13.93103115,0.05766562576
SK-A-43,pupil,tier1,12,17,0.09603730789,0.06320435352,2.996349461,0.001190137901,3.218767575,0.5063488131,12.21438676,0.08950694909
SK-A-43,pupil,tier1,14,11,0.14398915,0.103954873,2.968763032,0.003083044395,3.200511251,0.9918716124,36.11919066,0.09333127293
SK-A-43,pupil,tier1,16,5,0.08992679816,0.05578664488,2.997984591,0.0008893462733,3.213856751,0.4353986307,22.29747839,0.0544591409
SK-A-43,pupil,tier1,18,0,0.06091909176,0.03925763197,2.995190137,0.0003269429999,3.147554423,0.2415684729,15.80805961,0.06313244414
SK-A-43,pupil,tier1,19,23,0.09889454832,0.07291034127,2.9937949,0.001260381675,3.209145237,0.5278457427,11.71203696,0.1050124893
SK-A-43,pupil,tier1,21,17,0.1130237012,0.06581791721,2.997689783,0.001580356485,3.211433918,0.6059939492,25.92234455,0.05895287111
SK-A-43,pupil,tier1,23,11,0.1460721942,0.1146667963,2.990311516,0.002312287901,3.198956836,0.9269171058,28.10360522,0.2266197724
SK-A-43,pupil,tier1,25,5,0.08209977767,0.04862474197,2.997703674,0.0007084444922,3.194483349,0.3809744306,15.5180396,0.07717847522
SK-A-43,pupil,tier1,27,0,0.05998110635,0.04283521942,2.984051831,0.0003890412466,3.170919098,0.2640846508,4.102982589,0.1859732257
SK-A-43,pupil,tier1,28,23,0.1084534829,0.06927916941,2.991228975,0.001525414662,3.213289146,0.5896624026,11.95680249,0.1041297359
SK-A-43,pupil,tier1,30,17,0.09712928794,0.06279573465,2.997637446,0.001044037881,3.207638079,0.4880476105,10.82587476,0.1076235027
SK-A-43,pupil,tier1,32,11,0.1106423461,0.06729017628,2.991683653,0.001249680318,3.194237102,0.5563585724,16.88395247,0.1054090985
SK-A-43,pupil,tier1,34,5,0.07313445326,0.04262915305,2.997921983,0.0004889024657,3.169631395,0.3171649175,13.79139362,0.08407922428
SK-A-4674,cohort,,0,0,0.1668785928,0.1591323737,2.994086445,0.01000363341,3.156860946,2.205213053,16.55303791,0.1034352
SK-A-4674,cohort,,0,13,0.1157393383,0.07827409935,2.982848284,0.004424506249,3.162319574,0.9586191313,6.062926672,0.1150777109
SK-A-4674,cohort,,1,12,0.08300445527,0.05848318975,2.980611337,0.001451651157,3.214391173,0.4823623561,5.267878761,0.1357842346
SK-A-4674,cohort,,2,11,0.1340304823,0.1398788809,2.988806845,0.006681388316,3.193630948,1.46534578,12.52591008,0.279586731
SK-A-4674,cohort,,3,11,0.20309288,0.1855071645,2.979740562,0.009817459488,3.183115258,2.412620077,26.047517,0.1372049575
SK-A-4674,cohort,,4,10,0.180816997,0.179058954,2.93745859,0.007554823204,3.18958123,2.032024308,20.89614699,0.1735446082
SK-A-4674,cohort,,5,9,0.2315348921,0.3107163845,2.967665515,0.01492930171,3.161847236,3.999081573,32.10838795,0.1667210711
SK-A-4674,cohort,,6,9,0.1688287858,0.1696903531,2.973264154,0.008466645385,3.196092874,1.891491675,33.96928928,0.1289594297
SK-A-4674,cohort,,7,8,0.1464856091,0.1893329183,2.977032544,0.01087898105,3.171752153,2.156339354,11.06496998,0.187537378
SK-A-4674,cohort,,8,7,0.1606421004,0.1616867896,2.960095583,0.01030821671,3.188453416,2.059020164,18.8556842,0.1506041498
SK-A-4674,cohort,,9,7,0.3428346241,0.3274828058,2.986431768,0.0381502218,3.112464166,7.734102443,28.62144999,0.1780735709
SK-A-4674,cohort,,10,6,0.3226766056,0.2625412706,2.933881884,0.02356956427,3.133796199,5.172917661,38.8216948,0.2729902092
SK-A-4674,cohort,,11,5,0.4869636044,0.3774572257,2.964846899,0.04066096965,3.151200057,9.995985166,40.16855035,0.2128014519
SK-A-4674,cohort,,12,4,0.2389707484,0.2218170883,2.890356395,0.01206712951,3.171301424,3.154395673,46.65914726,0.09837884185
SK-A-4674,cohort,,13,4,0.3384569091,0.2675753656,2.998022858,0.02721320676,3.134636297,5.77158649,33.52162289,0.3422279824
SK-A-4674,cohort,,14,3,0.2398634284,0.2442329055,2.990535901,0.01191430208,3.173318082,3.168848851,41.49414682,0.2280697648
SK-A-4674,cohort,,15,2,0.1406950145,0.1279960501,2.959791435,0.004769120011,3.192053721,1.27696883,20.59969412,0.1086257148
SK-A-4674,cohort,,16,2,0.1391387741,0.1245993132,2.976260548,0.003937961389,3.177386365,1.160287825,24.12693637,0.09193646104
SK-A-4674,cohort,,17,1,0.07960248271,0.07345909649,2.959228698,0.001817994758,3.196952474,0.5511275768,2.423398632,0.2889302452
SK-A-4674,cohort,,18,0,0.08402410825,0.08942365666,2.992096855,0.002753182956,3.183671765,0.651321487,1.977800037,0.1902755712
SK-A-4691,cohort,,0,0,0.07683275893,0.05055418424,2.990269032,0.0007752130472,3.176681171,0.3650954161,10.96878027,0.053848192
SK-A-4691,cohort,,0,4,0.1064731905,0.0740582242,2.9920432,0.0009913434352,3.156342078,0.5114517364,12.16930739,0.1534460755
SK-A-4691,cohort,,1,0,0.1060151684,0.08000665159,2.969440251,0.001382806889,3.183649771,0.5754788073,11.21540721,0.07281657611
SK-A-4691,cohort,,1,4,0.08919888037,0.07568912212,2.992093443,0.0009156615212,3.187793196,0.4496322238,10.04329968,0.1720535914
SK-A-4691,cohort,,2,0,0.1566295954,0.1256690579,2.973947013,0.002610904367,3.173962602,1.031054607,15.69214582,0.1308973018
SK-A-4691,cohort,,2,4,0.06082683956,0.05416106251,2.991677014,0.0004906678273,3.146022087,0.278006246,10.6821163,0.1359008158
SK-A-4691,cohort,,3,0,0.1803507085,0.1443824968,2.97365385,0.002953762975,3.163917179,1.252479468,18.56190528,0.1227422283
SK-A-4691,cohort,,3,4,0.02686806412,0.02168878857,2.909544061,9.839799373e-05,2.855013874,0.05634843776,9.369939264,0.1086635935
SK-A-4691,cohort,,4,0,0.159053247,0.116865128,2.976690401,0.002289241732,3.165250977,0.9759383962,22.40776944,0.1189709202
SK-A-4691,cohort,,4,4,0.0408177929,0.03724892159,2.958773887,0.0001985881157,3.0208392,0.1447671276,12.38054415,0.07520132754
SK-A-4691,cohort,,5,0,0.2098991835,0.1900927775,2.973363623,0.004208070469,3.16214173,1.789243127,20.62485648,0.1383328626
SK-A-4691,cohort,,5,4,0.06063427894,0.04176568812,2.994104592,0.0003402789622,3.121516873,0.2565750792,18.0765938,0.1385361249
SK-A-4691,cohort,,6,0,0.2171378789,0.2039777744,2.998952638,0.004672501145,3.16077868,1.93973267,17.27780682,0.1245836452
SK-A-4691,cohort,,6,4,0.04962296002,0.03569842236,2.991433257,0.0002396476789,3.09001903,0.1964756843,13.28488592,0.1571877913
SK-A-4691,cohort,,7,0,0.1068412617,0.08597128253,2.976861143,0.001164211663,3.153354609,0.548366515,15.74997727,0.1927342091
SK-A-4691,cohort,,7,4,0.08650610391,0.09594125267,2.987120286,0.001396160233,3.138919587,0.5267002988,10.96580577,0.133048178
SK-A-4691,cohort,,8,0,0.06541586519,0.05017145807,2.988796126,0.0005553941443,3.171202539,0.2773146105,7.271656393,0.1725070273
SK-A-4691,cohort,,8,4,0.1230080575,0.1127117956,2.955441168,0.002320051143,3.172721191,0.8197439305,10.94045081,0.100135218
SK-A-4691,cohort,,9,0,0.05781846365,0.05428672201,2.982562327,0.0006294695082,3.158170911,0.3417730433,3.757711365,0.2254868165
SK-A-4691,cohort,,9,4,0.04871543638,0.04433253134,2.949561725,0.0003505406458,3.105957664,0.2137719772,4.583155424,0.3068141884
SK-A-4702,pupil,tier2,0,0,0.07994573819,0.05422963986,2.997962287,0.001235937477,3.184969913,0.4573977148,5.449006945,0.1910691276
SK-A-4702,pupil,tier2,1,3,0.1054545903,0.09173900117,2.99775471,0.002577648603,3.182196952,0.7868379052,5.270337259,0.1675246982
SK-A-4702,pupil,tier2,2,6,0.2263859138,0.2246488609,2.982434275,0.01189378347,3.155533885,3.030920754,19.06151057,0.1278332795
SK-A-4702,pupil,tier2,3,9,0.3162216361,0.242132247,2.898759203,0.01441808873,3.15179498,4.066028257,31.65895107,0.08619062836
SK-A-4702,pupil,tier2,4,12,0.1876178909,0.1370501006,2.966753128,0.006542696496,3.18511242,1.754030074,42.93148738,0.05863550157
SK-A-4702,pupil,tier2,5,15,0.1362637425,0.118012567,2.996580678,0.005246323149,3.151006975,1.278276654,5.826030917,0.2276971486
SK-A-4702,pupil,tier2,6,18,0.1683761896,0.1453135882,2.995058883,0.008270993871,3.11772825,1.901546927,14.56612544,0.07443497245
SK-A-4702,pupil,tier2,8,1,0.1286423905,0.1337434553,2.998921291,0.004398009096,3.184441573,1.199526072,6.239639402,0.1914580606
SK-A-4702,pupil,tier2,9,4,0.2855286463,0.1897090451,2.94376497,0.01262793725,3.185289454,3.407630362,39.9407729,0.0561218888
SK-A-4702,pupil,tier2,10,7,0.2545816747,0.1926109177,2.952241343,0.01342461542,3.163173785,3.305171163,30.1245775,0.2147710727
SK-A-4702,pupil,tier2,11,10,0.2216074667,0.1599400385,2.977091351,0.01156660799,3.139980178,2.597205982,20.57103716,0.2648724043
SK-A-4702,pupil,tier2,12,13,0.1603395054,0.1326388421,2.995596311,0.006623019753,3.147754323,1.585577602,13.78422982,0.3171536999
SK-A-4702,pupil,tier2,13,16,0.2130887031,0.2415256213,2.994223302,0.01375485542,3.137048139,3.256715013,10.65589758,0.361395326
SK-A-4702,pupil,tier2,14,19,0.2441154758,0.1864073291,2.961588617,0.01544301839,3.098703179,3.29270701,14.74564134,0.1170457374
SK-A-4702,pupil,tier2,16,2,0.2256874314,0.1718474648,2.972008907,0.009786290474,3.185544868,2.513978274,23.09853745,0.07953471183
SK-A-4702,pupil,tier2,17,5,0.1052885102,0.08801861849,2.99898849,0.002719553854,3.185938687,0.7553506599,8.734786725,0.1517937369
SK-A-4702,pupil,tier2,18,8,0.1089343522,0.110617984,2.998712896,0.003427040473,3.18101399,0.9236110235,5.615469046,0.3060171159
SK-A-4702,pupil,tier2,19,11,0.1916307751,0.1516137741,2.989199415,0.00759983831,3.179799181,1.960343828,42.56985021,0.04852090859
SK-A-4702,pupil,tier2,20,14,0.1188940826,0.08000371747,2.99748622,0.003333242153,3.166132399,0.8584341546,12.92164765,0.1220739022
SK-A-4702,pupil,tier2,21,17,0.1303634811,0.1228941937,2.99500594,0.004153894052,3.171478482,1.128136195,6.795120019,0.1319205921
SK-A-4717,cohort,,0,0,0.06146224268,0.05848087586,2.837291779,0.0008490012751,3.105579613,0.3298571386,22.99129709,0.08891615276
SK-A-4717,cohort,,0,4,0.05448545174,0.08823804878,2.982514657,0.0007062995562,3.096409366,0.3582123178,7.987870607,0.1761560843
SK-A-4717,cohort,,1,1,0.09375826328,0.1163161279,2.868559533,0.001686634546,3.095049035,0.6594218729,10.33349108,0.172019539
SK-A-4717,cohort,,1,6,0.07521448319,0.07433828088,2.969161968,0.0007067568812,3.171821911,0.3823190397,13.10752447,0.0885593229
SK-A-4717,cohort,,2,3,0.05929821833,0.1073581758,2.949201854,0.0008945743344,3.073520118,0.4200018017,5.422593022,0.1949468098
SK-A-4717,cohort,,3,0,0.131374132,0.1543133473,2.931452322,0.004755541361,3.179792989,1.241824542,22.46727704,0.1236395266
SK-A-4717,cohort,,3,4,0.1462046175,0.1704622009,2.90456798,0.004547785376,3.170122976,1.452834632,14.47082056,0.1763718684
SK-A-4717,cohort,,4,1,0.1567344323,0.1350393544,2.963551535,0.003444773771,3.185623685,1.182726829,24.22447342,0.1884475854
SK-A-4717,cohort,,4,6,0.1773178193,0.1331137908,2.955172382,0.005571784931,3.188954424,1.519679594,21.80500091,0.1393630896
SK-A-4717,cohort,,5,3,0.05369527835,0.09110129953,2.91487687,0.001288552947,2.974830792,0.364413615,5.824123472,0.1712745804
SK-A-4717,cohort,,6,0,0.2067955675,0.1803499357,2.902622026,0.005262254471,3.136468093,1.842302299,35.84921331,0.1636287765
SK-A-4717,cohort,,6,4,0.1005927311,0.144130697,2.929830344,0.001750639329,3.129787068,0.7921200997,8.629516021,0.280215231
SK-A-4717,cohort,,7,1,0.09509575716,0.08694388186,2.994589842,0.00134103147,3.153474757,0.538165398,26.03448246,0.1792310242
SK-A-4717,cohort,,7,6,0.07292380584,0.05899958505,2.965334467,0.0007339256708,3.154987623,0.3676915454,8.342646461,0.2247085321
SK-A-4717,cohort,,8,3,0.1012363615,0.09622470323,2.959574307,0.001214558758,3.111228795,0.5496708857,40.45855007,0.1700099571
SK-A-4717,cohort,,9,0,0.2334305405,0.1857807131,2.972037481,0.009263932926,3.187346374,2.445678798,18.33877479,0.2190748694
SK-A-4717,cohort,,9,4,0.08648745196,0.08418146132,2.890430796,0.000984641737,3.096486147,0.464548669,31.72755371,0.1000863682
SK-A-4717,cohort,,10,1,0.1927210031,0.1851891904,2.929716918,0.003999513445,3.12829888,1.60286436,29.48993095,0.2986926028
SK-A-4717,cohort,,10,6,0.08848023714,0.07969966081,2.967743415,0.0007185912109,3.11359946,0.4162351546,15.78671799,0.1164962525
SK-A-4717,cohort,,11,3,0.1562239553,0.1389907404,2.96567983,0.003009538398,3.162415719,1.121645572,26.552762,0.2300834935
SK-A-4833,cohort,,0,0,0.06741179821,0.05922768644,2.973682307,0.0005160840964,3.166333578,0.3169684549,3.887659268,0.2303466593
SK-A-4833,cohort,,1,0,0.06979526422,0.04514582661,2.967526814,0.0005057194057,3.16167055,0.3021616894,4.143974465,0.2391907237
SK-A-4833,cohort,,2,0,0.0817715075,0.08897814939,2.963039287,0.001372685367,3.170552317,0.5167322043,4.116390477,0.1948794254
SK-A-4833,cohort,,3,0,0.06015140904,0.07094342164,2.970704872,0.0007700150814,3.138239251,0.3546949086,4.530370926,0.2271400925
SK-A-4833,cohort,,4,0,0.04709777139,0.06904912263,2.963106397,0.0007165299174,3.093473562,0.2629578247,4.924576111,0.1742751385
SK-A-4833,cohort,,5,0,0.03428884399,0.02600439311,2.954643335,0.0002034441595,3.075265455,0.13723556,5.23147079,0.1885716534
SK-A-4833,cohort,,6,0,0.035046978,0.02330389699,2.955371023,0.0001901748975,3.084541598,0.07211567047,6.057145573,0.1500238572
SK-A-4833,cohort,,7,0,0.03360673624,0.02390186362,2.935262667,0.0001825184132,3.059783765,0.06267465429,7.145105475,0.1211735245
SK-A-4833,cohort,,8,0,0.03282617373,0.0213843754,2.942344441,0.0001559588971,3.065257797,0.2294037055,8.529660611,0.05500927698
SK-A-4833,cohort,,9,0,0.03880062741,0.02491790471,2.968080305,0.0002308757884,3.113908798,0.2329094786,8.270164004,0.1010050593
SK-A-4833,cohort,,10,0,0.03929428336,0.02403405643,2.970705805,0.0002197416381,3.11617926,0.1142938006,8.914101573,0.07444042712
SK-A-4833,cohort,,11,0,0.04379590762,0.02537465223,2.981525659,0.0002482682468,3.13829174,0.2031512094,9.886831649,0.05564688254
SK-A-4833,cohort,,12,0,0.04689296699,0.02842915111,2.986420867,0.0002915872147,3.149405789,0.1977359128,10.58269357,0.05671177538
SK-A-4833,cohort,,13,0,0.04201545203,0.0280358094,2.981222658,0.0002849293331,3.139856194,0.1263075988,10.05104466,0.06351401498
SK-A-4833,cohort,,14,0,0.0445860474,0.027822315,2.984565456,0.0002893721443,3.145521239,0.2152889509,9.476349072,0.05828567222
SK-A-4833,cohort,,15,0,0.05435435836,0.0321995106,2.990299758,0.0004038173349,3.176845284,0.2984846779,9.17846018,0.06126687095
SK-A-4833,cohort,,16,0,0.07793982602,0.05577203603,2.992901052,0.0009274274939,3.200283551,0.4010406438,6.989617342,0.1125203128
SK-A-4833,cohort,,17,0,0.08124727024,0.08343345402,2.980109473,0.001382586138,3.194007403,0.5184121586,2.551349682,0.3664910683
SK-A-4833,cohort,,18,0,0.07365817563,0.1086087982,2.95244868,0.001552929576,3.134428998,0.5333435431,3.439045046,0.3527185397
SK-A-4833,cohort,,19,0,0.05046114741,0.0322924424,2.96041164,0.0002712171302,3.130540318,0.217506794,3.196287301,0.1874563513
SK-A-4853,pupil,tier1,0,0,0.09038251586,0.07547978067,2.992417595,0.0007500743302,3.152918046,0.4283148657,10.16836935,0.1722369392
SK-A-4853,pupil,tier1,1,26,0.0811387872,0.04982738227,2.987917741,0.0005795426548,3.178249856,0.3604524571,8.093016898,0.1082738776
SK-A-4853,pupil,tier1,3,19,0.09202897799,0.1043841735,2.988763064,0.001273798321,3.188302349,0.590700494,10.37749903,0.1404624266
SK-A-4853,pupil,tier1,5,13,0.06609451806,0.04597966609,2.994083471,0.0005326185537,3.182820005,0.2766400913,8.226719787,0.1692465894
SK-A-4853,pupil,tier1,7,6,0.08235026178,0.05690530053,2.996114307,0.0007331889269,3.190139749,0.3914138252,9.240013035,0.1850060837
SK-A-4853,pupil,tier1,9,0,0.03752529692,0.04727973312,2.913162795,0.0002786139246,2.955178091,0.2564999324,5.457735988,0.08628207652
SK-A-4853,pupil,tier1,10,26,0.1118550496,0.06815642579,2.991968426,0.001170701723,3.198756432,0.5477034818,12.33851919,0.06285049244
SK-A-4853,pupil,tier1,12,19,0.08052191896,0.04632931509,2.98611941,0.0005985905739,3.180646849,0.3418190622,12.71255212,0.06344722098
SK-A-4853,pupil,tier1,14,13,0.1382119075,0.09502431091,2.998413052,0.002233730531,3.210969353,0.826305722,10.95839099,0.185118844
SK-A-4853,pupil,tier1,16,6,0.07864406812,0.05434256462,2.990134349,0.0006388661912,3.193530555,0.3582782307,5.853555097,0.2039621826
SK-A-4853,pupil,tier1,18,0,0.09606264544,0.07069019197,2.998646349,0.0008318082171,3.181289439,0.4599619387,10.61441112,0.1461286036
SK-A-4853,pupil,tier1,19,26,0.08661464631,0.05175522058,2.984364724,0.0007849541093,3.201453348,0.4047589448,12.82657241,0.07035065032
SK-A-4853,pupil,tier1,21,19,0.1742398243,0.1846172629,2.998352671,0.003694964837,3.200759953,1.499782292,16.37201304,0.1827429732
SK-A-4853,pupil,tier1,23,13,0.4827541434,0.3820314205,2.989303827,0.02460951257,3.195737165,8.491149798,25.98767844,0.1231549182
SK-A-4853,pupil,tier1,25,6,0.132475512,0.1196690779,2.973002949,0.002183905677,3.201996935,0.876250244,9.939072911,0.2133932586
SK-A-4853,pupil,tier1,27,0,0.07395950745,0.05677207394,2.989268779,0.0005488125098,3.171756128,0.3353320421,6.561309849,0.2258958786
SK-A-4853,pupil,tier1,28,26,0.134241769,0.08962065199,2.997166788,0.002205493977,3.215934896,0.8112612795,16.47943979,0.1264836192
SK-A-4853,pupil,tier1,30,19,0.09585247204,0.08113489684,2.991627899,0.001112996164,3.196991657,0.5094584328,10.77877753,0.2668259321
SK-A-4853,pupil,tier1,32,13,0.06628425054,0.05328608137,2.991378612,0.0005937937348,3.17898216,0.3247053436,9.968303111,0.155126621
SK-A-4853,pupil,tier1,34,6,0.1579561113,0.1142430006,2.997644209,0.002381792867,3.199645455,0.993253382,23.89217959,0.1573848207
SK-A-4881,pupil,tier1,0,0,0.04628437017,0.05461863979,2.950035285,0.0009845602122,3.088810007,0.2617650857,1.823013849,0.1536195364
SK-A-4881,pupil,tier1,1,0,0.05100840517,0.06760269643,2.957679694,0.001543875167,3.102837481,0.3971700974,1.629359238,
SK-A-4881,pupil,tier1,2,1,0.05702301562,0.07175928766,2.985166985,0.001948327318,3.12498277,0.4050007507,0.6392204076,
SK-A-4881,pupil,tier1,3,2,0.05349669327,0.05731134583,2.979789956,0.001308367421,3.152758918,0.4090656577,0.386122974,
SK-A-4881,pupil,tier1,4,3,0.06291192937,0.05561814155,2.983341596,0.001541500751,3.174262628,0.3785575725,0.3365961854,
SK-A-4881,pupil,tier1,5,4,0.05645212796,0.04731758313,2.98852872,0.001162061394,3.165612211,0.388514181,1.772182749,
SK-A-4881,pupil,tier1,6,5,0.0642992484,0.05649502587,2.992827921,0.001552808159,3.169794557,0.4755843581,2.463406403,0.2051661547
SK-A-4881,pupil,tier1,7,5,0.06839652467,0.06947336882,2.9905731,0.001576272477,3.180007209,0.4725766857,3.281183433,0.1595341722
SK-A-4881,pupil,tier1,8,6,0.1566659994,0.1939809264,2.979763038,0.01045796964,3.117064785,2.404578698,2.456567448,0.2886228598
SK-A-4881,pupil,tier1,9,7,0.1353851195,0.1963549702,2.996495775,0.01096999559,3.13471688,2.369791601,8.167105944,0.1501009015
SK-A-4881,pupil,tier1,10,8,0.1707698057,0.1803966323,2.999855754,0.008518734752,3.169598476,2.020721064,13.47518154,0.1755028156
SK-A-4881,pupil,tier1,11,9,0.1931203635,0.2238340272,2.976134092,0.01860362983,3.014761682,3.870317478,11.50917314,0.1661608907
SK-A-4881,pupil,tier1,12,10,0.1804792614,0.242899435,2.992384624,0.01528599136,3.095854397,3.451725298,15.02658628,0.08694007555
SK-A-4881,pupil,tier1,13,11,0.2014967155,0.2200827354,2.987125272,0.01588383849,3.082394658,3.520648244,16.86606966,0.09799848956
SK-A-4881,pupil,tier1,14,11,0.1629289027,0.1422958289,2.996658228,0.008975659726,3.129387725,1.93333506,15.66971776,0.2151503391
SK-A-4881,pupil,tier1,15,12,0.1562285814,0.1362548416,2.99461815,0.008353009581,3.124023683,1.808568908,11.34604992,0.225464914
SK-A-4881,pupil,tier1,16,13,0.1154996107,0.1507342029,2.993670388,0.00815601663,3.101129092,1.688061198,12.60397984,0.1675697169
SK-A-4881,pupil,tier1,17,14,0.1109543233,0.1687934138,2.986891999,0.007876559098,3.133811919,1.684797532,6.464129687,0.2363978853
SK-A-4881,pupil,tier1,18,15,0.09711510702,0.1440174394,2.984617794,0.005133686085,3.140593097,1.215246611,4.937251138,0.1737987703
SK-A-4881,pupil,tier1,19,16,0.06534260524,0.1005624323,2.970965667,0.002431716885,3.086035092,0.7040534961,4.40631868,0.2399960985
SK-A-4888,pupil,tier1,0,0,0.04575511195,0.0527134867,2.966513084,0.0007791139753,3.145487291,0.325734051,3.848356811,0.01925297938
SK-A-4888,pupil,tier1,1,0,0.05264180682,0.05538841119,2.983728159,0.0009791313232,3.157377362,0.3003944267,4.325691982,0.2686332929
SK-A-4888,pupil,tier1,2,0,0.05253595024,0.07366960431,2.983513714,0.001296520686,3.140118851,0.3972821044,4.617349142,0.3096635882
SK-A-4888,pupil,tier1,3,0,0.08887840877,0.135222738,2.991747479,0.005043065739,3.164392935,1.149040959,4.904516229,0.2296695261
SK-A-4888,pupil,tier1,4,0,0.1087842038,0.1472041965,2.994609477,0.006731246888,3.153856343,1.503909058,6.759935437,0.1819366842
SK-A-4888,pupil,tier1,5,0,0.1218146461,0.1711730297,2.989394526,0.009189982195,3.141929612,1.987990781,6.507768147,0.1614007235
SK-A-4888,pupil,tier1,6,0,0.09640843345,0.1416839925,2.993483927,0.006066840327,3.174430266,1.35827718,6.038349827,0.1995670952
SK-A-4888,pupil,tier1,7,0,0.06844888125,0.0601488354,2.995132843,0.001446724121,3.200420019,0.4406413375,6.557114515,0.1797651677
SK-A-4888,pupil,tier1,8,0,0.07213198806,0.07942083138,2.996703031,0.002606269047,3.183615284,0.6084915845,7.299504732,0.1736508919
SK-A-4888,pupil,tier1,9,0,0.09162430043,0.1308237139,2.996312422,0.005757501966,3.168287022,1.264584703,7.781497754,0.1642539428
SK-A-4888,pupil,tier1,10,0,0.09762818212,0.144866222,2.992869778,0.006754402894,3.152403921,1.4293453,8.039466694,0.1268742437
SK-A-4888,pupil,tier1,11,0,0.07453826263,0.09042822272,2.991950267,0.003097472392,3.177083041,0.7051426362,7.882102671,0.1491279746
SK-A-4888,pupil,tier1,12,0,0.06268039817,0.05076256012,2.992526779,0.001329392793,3.190965691,0.3776931219,7.096934727,0.1699532121
SK-A-4888,pupil,tier1,13,0,0.05752995532,0.05737910141,2.986979846,0.001051637957,3.185508119,0.3523251205,4.528787257,0.1865077341
SK-A-4888,pupil,tier1,14,0,0.05951235017,0.06743757489,2.990314014,0.001393329806,3.184000062,0.4304084651,4.768692513,0.2080771013
SK-A-4888,pupil,tier1,15,0,0.0721848013,0.09925763267,2.992540889,0.002608676839,3.192698778,0.6861860577,6.048846907,0.2104752831
SK-A-4888,pupil,tier1,16,0,0.081123041,0.1080965458,2.995837497,0.004258015371,3.174303177,0.9053013378,9.534676845,0.1049478363
SK-A-4888,pupil,tier1,17,0,0.08151597675,0.1067481576,2.99210167,0.003308893383,3.191621939,0.7792055913,3.813915571,0.1771066038
SK-A-4888,pupil,tier1,18,0,0.08009366813,0.08839962002,2.992484844,0.002289375137,3.18982431,0.6510553579,3.607261125,0.2055449089
SK-A-4888,pupil,tier1,19,0,0.06416994783,0.06200863827,2.99210533,0.0009622048357,3.190271082,0.3631125475,3.190108703,0.4802304791
SK-A-4889,pupil,tier1,0,0,0.06554350354,0.07475633392,2.986125664,0.002262356582,3.178129487,0.4891114514,6.060159133,0.1250114241
SK-A-4889,pupil,tier1,1,0,0.05330941184,0.05492056672,2.986815467,0.001214198119,3.162233667,0.3396005435,5.759379332,0.1865003592
SK-A-4889,pupil,tier1,2,0,0.05972907804,0.0718584392,2.98840122,0.002274729592,3.166405717,0.5150698167,5.695195562,0.2006357805
SK-A-4889,pupil,tier1,3,0,0.06917308707,0.09680242257,2.98857673,0.0032718982,3.16437575,0.7734831764,5.571676915,0.2169917829
SK-A-4889,pupil,tier1,4,0,0.06793225203,0.0650534349,2.992017984,0.00232235767,3.173803269,0.5459795355,10.31497724,0.08887203354
SK-A-4889,pupil,tier1,5,0,0.0928483039,0.1162257924,2.985373834,0.006060327139,3.110764371,1.228101587,13.68392062,0.06417317886
SK-A-4889,pupil,tier1,6,0,0.08449134823,0.09584780574,2.994389954,0.004109366852,3.150172907,0.8938718226,13.55935239,0.08275437959
SK-A-4889,pupil,tier1,7,0,0.08156014698,0.09109305389,2.981384455,0.004477385112,3.132078366,0.9238046334,13.96563916,0.07659914707
SK-A-4889,pupil,tier1,8,0,0.09838992385,0.1387463354,2.971188542,0.008596583221,3.126675654,1.659930258,10.86486388,0.09573081048
SK-A-4889,pupil,tier1,9,0,0.09438371249,0.135893233,2.965029883,0.007096889577,3.147348722,1.477878174,6.491632294,0.171140336
SK-A-4889,pupil,tier1,10,0,0.119283563,0.1659443332,2.961010908,0.009345609677,3.132523593,2.087888158,5.755922076,0.2876635001
SK-A-4889,pupil,tier1,11,0,0.1206751135,0.1689847869,2.970427942,0.0100170212,3.144538392,2.081302869,4.721543834,0.2681451916
SK-A-4889,pupil,tier1,12,0,0.1330465256,0.1461125071,2.974393496,0.007789425698,3.14523406,1.739292224,6.763274281,0.3643836129
SK-A-4889,pupil,tier1,13,0,0.1779104842,0.1992164379,2.987641705,0.01439708085,3.103216913,2.955396454,9.703882535,0.2099383502
SK-A-4889,pupil,tier1,14,0,0.1022869888,0.08802225894,2.99802313,0.004244962245,3.134846608,0.9461359098,20.04624977,0.06874981568
SK-A-4889,pupil,tier1,15,0,0.1021827641,0.1188782259,2.983755084,0.006150969689,3.125617319,1.298294371,13.47706139,0.1282518775
SK-A-4889,pupil,tier1,16,0,0.1104156336,0.1352648143,2.985784337,0.007475228603,3.096386873,1.557823371,8.610981015,0.1428851622
SK-A-4889,pupil,tier1,17,0,0.1173598334,0.1492824597,2.991407259,0.008168890083,3.128220236,1.756605033,6.760499191,0.1543645026
SK-A-4889,pupil,tier1,18,0,0.08509257931,0.1116835518,2.991276914,0.004056116065,3.163817567,0.9163081993,5.524705407,0.1899845628
SK-A-4889,pupil,tier1,19,0,0.05772800901,0.06283492721,2.99143526,0.001543276141,3.171494361,0.4045875561,5.059958212,0.03511545174
SK-A-5033,cohort,,0,0,0.0636704464,0.05415357138,2.9920624,0.002321782668,3.136737398,0.466829347,1.549146029,-0
SK-A-5033,cohort,,3,1,0.06955083592,0.0566847023,2.993267341,0.001895686542,3.154220638,0.5066568323,2.078869563,1.355428568
SK-A-5033,cohort,,6,3,0.056509559,0.04028559881,2.988903315,0.001285404883,3.159280864,0.4075258622,1.121554638,
SK-A-5033,cohort,,9,5,0.0977392233,0.06542148358,2.997338401,0.004356886467,3.071500602,0.8500258997,3.58798519,
SK-A-5033,cohort,,12,7,0.1628096401,0.09147191821,2.98997056,0.01384659536,2.895657978,2.087934552,3.388833878,0.1346534067
SK-A-5033,cohort,,15,9,0.3901199607,0.6076977896,2.981129041,0.06135216062,3.110096142,13.45079381,3.543807245,0.2443369236
SK-A-5033,cohort,,18,11,0.07637539969,0.1619237027,2.974180323,0.005201094846,3.115892641,1.378036725,2.118434567,0.1361306471
SK-A-5033,cohort,,21,13,0.03343540629,0.03248050221,2.955127951,0.0003319744015,2.995597358,0.2007626533,2.327916409,0.08653896206
SK-A-5033,cohort,,24,15,0.04549299986,0.07246699528,2.954754567,0.001275776137,2.983933794,0.3552836209,2.573981594,0.9131080995
SK-A-5033,cohort,,27,17,0.08312537599,0.1006929341,2.985453395,0.003719391195,3.111369309,0.8160773539,2.532759217,0.120974514
SK-A-5033,cohort,,30,19,0.0552732562,0.05701052489,2.990311607,0.00168261505,3.139338923,0.4227667673,3.402981287,0.08539629018
SK-A-5033,cohort,,33,21,0.04307971048,0.05295565235,2.878758726,0.0008107108582,2.986166475,0.2661472456,3.966523209,0.05666156199
SK-A-5033,cohort,,36,23,0.05915719589,0.06902030687,2.987735993,0.001910293935,3.142506828,0.5044143657,2.97750233,0.07755831048
SK-A-5033,cohort,,39,25,0.04265816871,0.03324878906,2.966576219,0.000504664534,3.123910978,0.1688985481,1.853282156,0.06870111868
SK-A-5033,cohort,,42,27,0.06358742181,0.05208184794,2.991567427,0.001773775846,3.146722371,0.5113185592,2.016726856,0.1567186418
SK-A-5033,cohort,,45,29,0.07693146246,0.05953897647,2.96997318,0.002506749669,3.110380327,0.6449250784,2.265947153,0.09183644533
SK-A-5033,cohort,,48,31,0.08238821459,0.07206785135,2.990662775,0.003950332314,3.088735243,0.8063953576,2.232967689,0.09836102535
SK-A-5033,cohort,,51,33,0.06868857156,0.05106512985,2.98644118,0.001920581508,3.141170144,0.4463250154,1.099683717,0.03659018521
SK-A-5033,cohort,,54,35,0.07265121162,0.05131021198,2.993725376,0.002044613683,3.156949413,0.4459399727,1.060836335,
SK-A-5033,cohort,,57,37,0.08743902734,0.06630157667,2.993162687,0.003727168219,3.091891323,0.6745616564,0.5174059355,
SK-A-5092,cohort,,0,0,0.04928180664,0.03928484904,2.974215043,0.0005891267884,3.156054545,0.2260748014,8.540926289,0.0796869087
SK-A-5092,cohort,,1,23,0.07759434821,0.05037886856,2.995655329,0.001174087461,3.197419245,0.4061577557,12.03515812,0.08219926599
SK-A-5092,cohort,,3,17,0.0727614287,0.04730690475,2.994716741,0.001027400383,3.199755649,0.3946951339,12.64348628,0.07726493943
SK-A-5092,cohort,,5,11,0.1214068782,0.1036813866,2.996243697,0.003106777719,3.195723618,0.8843407204,17.87552652,0.1321426921
SK-A-5092,cohort,,7,5,0.08819454905,0.05403481121,2.930229238,0.002042040747,3.170508656,0.598240845,19.93940884,0.03689337622
SK-A-5092,cohort,,9,0,0.05327413919,0.03576398847,2.992561673,0.000517838878,3.174555766,0.2927883879,14.47904139,0.04901115833
SK-A-5092,cohort,,10,23,0.1102424569,0.07492430492,2.998070086,0.00353985966,3.144170839,0.8824918547,9.778125721,0.1143769996
SK-A-5092,cohort,,12,17,0.1795943022,0.113136162,2.88937988,0.008854785349,3.111083426,2.023217047,22.72745847,0.05644206389
SK-A-5092,cohort,,14,11,0.4024491835,0.3299682074,2.878031745,0.03428769849,3.078230544,7.730908367,28.30123314,0.08089197514
SK-A-5092,cohort,,16,5,0.1847516721,0.1780987519,2.963629624,0.009051734491,3.172311511,2.171961473,25.0741014,0.05522974423
SK-A-5092,cohort,,18,0,0.04913346242,0.03099853782,2.993373483,0.0003869272761,3.163340694,0.1871322613,15.58264663,0.05280909898
SK-A-5092,cohort,,19,23,0.07819870933,0.06198291453,2.993400682,0.00195743205,3.159201227,0.4794341096,7.725248209,0.1488111795
SK-A-5092,cohort,,21,17,0.0865192168,0.06989265333,2.984635199,0.001386176562,3.182333502,0.4961917631,8.49387845,0.2113299644
SK-A-5092,cohort,,23,11,0.06860861576,0.06746175765,2.98074841,0.00167932409,3.166098485,0.4402440581,3.343967931,0.3018902533
SK-A-5092,cohort,,25,5,0.2151101241,0.1542581299,2.933368369,0.01155357634,3.123207783,2.617242842,28.6451383,0.05612629455
SK-A-5092,cohort,,27,0,0.08716790129,0.05426830114,2.998304873,0.001303050103,3.19260554,0.471076453,12.64116483,0.08868204423
SK-A-5092,cohort,,28,23,0.08133723022,0.04917154148,2.990772582,0.001032008144,3.193059965,0.4072650631,14.29229341,0.1045855822
SK-A-5092,cohort,,30,17,0.0841510988,0.06282471687,2.973610556,0.001456385057,3.189333185,0.5194850833,9.802434484,0.1826224752
SK-A-5092,cohort,,32,11,0.069447274,0.05257536024,2.995561386,0.0009725905207,3.185226098,0.396906821,5.249796465,0.2388009927
SK-A-5092,cohort,,34,5,0.09070713298,0.06800275986,2.992732104,0.00138512378,3.196752182,0.5114699788,10.1470035,0.1718014391
SK-A-582,pupil,tier1,0,0,0.06316557568,0.0533193575,2.992969056,0.0005683611619,3.19392451,0.2764322928,2.802658467,0.3799941809
SK-A-582,pupil,tier1,1,1,0.06431049394,0.0559005805,2.99633034,0.0006252002978,3.185106826,0.2883563803,5.354929363,0.272431387
SK-A-582,pupil,tier1,2,3,0.05741250235,0.05579893683,2.996009881,0.0007264111034,3.17994911,0.3160556582,8.121746066,0.2034528526
SK-A-582,pupil,tier1,3,5,0.03976997245,0.0475990028,2.932687909,0.000379763945,3.04026315,0.2503674009,5.347051127,0.1148767388
SK-A-582,pupil,tier1,4,7,0.1077665768,0.06514982669,2.987986183,0.002766310567,3.158664189,0.7404914944,41.32492172,0.04117123083
SK-A-582,pupil,tier1,5,9,0.118190817,0.0819712782,2.998154315,0.002738332293,3.192055563,0.7946266685,42.05080797,0.0682066093
SK-A-582,pupil,tier1,6,10,0.1239784482,0.07914761229,2.977766724,0.003752917177,3.184129269,0.9796484393,30.47119045,0.09243291543
SK-A-582,pupil,tier1,7,12,0.04656909212,0.0384802272,2.969650884,0.0005586671225,3.154345442,0.2578789244,13.9588578,0.04936671361
SK-A-582,pupil,tier1,8,14,0.04809512138,0.03474428493,2.9849513,0.0005311508624,3.15906125,0.2385873759,21.08738276,0.02491239288
SK-A-582,pupil,tier1,9,16,0.04411904034,0.03245049333,2.986172528,0.0004206533288,3.150044395,0.1779105296,24.75435896,0.04301815171
SK-A-582,pupil,tier1,11,0,0.04413359535,0.0449162522,2.97928413,0.0004748340752,3.13203846,0.16560733,8.962758671,0.1000652111
SK-A-582,pupil,tier1,12,1,0.02449470503,0.03591871522,2.529524145,0.0001418128417,2.479969653,0.1858034923,4.4028858,0.2120386706
SK-A-582,pupil,tier1,13,3,0.02168694514,0.04570073121,2.542675859,0.0003127727838,2.420182011,0.1011725448,2.350700772,0.06496165558
SK-A-582,pupil,tier1,14,5,0.02176216954,0.04161440925,2.687184049,0.0003249304854,2.584294018,0.1312651833,2.670749641,0.005505101341
SK-A-582,pupil,tier1,15,7,0.04732882546,0.06287540772,2.913471792,0.0006716552966,3.014666692,0.2875597946,3.934220029,0.1681213611
SK-A-582,pupil,tier1,16,9,0.06207946665,0.06843150705,2.965033946,0.0008979725189,3.141866492,0.4231264357,3.142381454,0.1514459889
SK-A-582,pupil,tier1,17,10,0.1120020161,0.1070082853,2.980462369,0.00210522465,3.210243686,0.7572442683,23.02980202,0.09270168432
SK-A-582,pupil,tier1,18,12,0.1066180531,0.07262390267,2.972873397,0.001690097331,3.202007742,0.6030975331,37.80233123,0.07927156874
SK-A-582,pupil,tier1,19,14,0.02094533085,0.03835846834,2.484012936,0.0002194786139,2.414489342,0.1701563743,3.325768275,0.05362817521
SK-A-582,pupil,tier1,20,16,0.03688778186,0.05316141259,2.833897342,0.0003943191628,2.902179774,0.2483192199,3.75598911,0.1537588257
SK-A-683,pupil,tier1,0,0,0.01707342617,0.03149952377,2.222885065,3.661705405e-05,2.057022233,0.05221709232,2.053749234,
SK-A-683,pupil,tier1,1,21,0.07206233511,0.0440708471,2.995008243,0.0006924202405,3.200223351,0.3535641788,11.85586729,0.07465810257
SK-A-683,pupil,tier1,3,14,0.0827373139,0.05227055828,2.990981577,0.0008686566413,3.212844569,0.3974338994,5.8451653,0.07023053431
SK-A-683,pupil,tier1,5,7,0.08181796782,0.05045955352,2.996824833,0.0009249702424,3.197712758,0.4045938621,7.764528613,0.07155160746
SK-A-683,pupil,tier1,7,0,0.1038110605,0.0657987534,2.990752688,0.001531192236,3.219248303,0.5772023783,9.808353813,0.1017471587
SK-A-683,pupil,tier1,8,21,0.1151679565,0.07393306344,2.942682262,0.001915123595,3.203437769,0.6865822861,11.36164721,0.04744492512
SK-A-683,pupil,tier1,10,14,0.1760708254,0.118933502,2.955935838,0.004540818404,3.212517827,1.409109575,27.16997376,0.08622667158
SK-A-683,pupil,tier1,12,7,0.142371409,0.08430944588,2.98888492,0.003410864754,3.20115593,1.0068852,12.16367941,0.09243819506
SK-A-683,pupil,tier1,14,0,0.1544188024,0.09022986301,2.995287889,0.003454414971,3.206815092,1.064153642,9.37618453,0.06630171125
SK-A-683,pupil,tier1,15,21,0.09497072822,0.05749684706,2.997349893,0.001051973003,3.217721755,0.4638696455,13.25969033,0.07952968235
SK-A-683,pupil,tier1,17,14,0.5125900571,0.3887014096,2.992061002,0.02878094648,3.200659769,9.522212513,13.54529106,0.131592039
SK-A-683,pupil,tier1,19,7,0.09097317605,0.09339044404,2.988446917,0.001215202782,3.201711285,0.5206654355,2.558017239,0.102629626
SK-A-683,pupil,tier1,21,0,0.1864465512,0.1389794782,2.975209898,0.005198121741,3.216579505,1.622291789,4.932165959,0.2056175863
SK-A-683,pupil,tier1,22,21,0.06957981899,0.07329619212,2.984385933,0.000609374629,3.157270361,0.3505984715,3.261685485,0.07259997181
SK-A-683,pupil,tier1,24,14,0.1119639401,0.092271088,2.995335576,0.001773386504,3.217676807,0.6758004895,1.896349625,0.007245296691
SK-A-683,pupil,tier1,26,7,0.0881594495,0.08693800424,2.976552741,0.0009624331386,3.190762825,0.4602067474,3.136405754,0.08497673845
SK-A-683,pupil,tier1,28,0,0.1062577668,0.08082041769,2.98735927,0.001512045993,3.213888219,0.6043621909,5.032336761,0.1727694508
SK-A-683,pupil,tier1,29,21,0.1394872808,0.08896635021,2.996280321,0.002592671747,3.21909568,0.8908182815,21.17206091,0.1305627975
SK-A-683,pupil,tier1,31,14,0.06580935057,0.0788855109,2.971800257,0.000715972921,3.154116648,0.3512274222,3.342006445,0.1544157636
SK-A-683,pupil,tier1,33,7,0.07464950572,0.06673647043,2.98086455,0.0005765897056,3.175529359,0.3264082699,3.171114931,0.1589438096
SK-A-684,pupil,tier1,0,0,0,0,-0,0,-0,0,0,
SK-A-684,pupil,tier1,1,21,0.1112026432,0.07220940844,2.982197206,0.001345128826,3.218574511,0.5822519256,4.749876968,0.3036643927
SK-A-684,pupil,tier1,3,14,0.1076455176,0.06159462763,2.996367778,0.001539859539,3.206647638,0.5690742159,9.017424742,0.09016930949
SK-A-684,pupil,tier1,5,7,0.1018329268,0.05686638346,2.995628605,0.001303199458,3.215209245,0.5203734066,15.94618434,0.03927969796
SK-A-684,pupil,tier1,7,0,0.12211362,0.08080042005,2.997762108,0.001607899127,3.220443966,0.6695274237,3.767183817,0.2861237832
SK-A-684,pupil,tier1,8,21,0.1150036372,0.06355714274,2.994188911,0.001712530099,3.224394247,0.6260882393,5.400506431,0.189749319
SK-A-684,pupil,tier1,10,14,0.14856576,0.1172967024,2.993533817,0.002575688753,3.202949592,0.9758269898,26.84535881,0.09100843983
SK-A-684,pupil,tier1,12,7,0.1045791586,0.06490149116,2.965883954,0.001441156942,3.221497698,0.5599511283,19.06053611,0.06607402843
SK-A-684,pupil,tier1,14,0,0.1391332506,0.1017684975,2.994624646,0.002348827852,3.224228665,0.8846834227,3.24039371,0.3520803309
SK-A-684,pupil,tier1,15,21,0.09984434602,0.05965506781,2.998337393,0.001162917918,3.214422328,0.5007245169,7.398416854,0.2018271288
SK-A-684,pupil,tier1,17,14,0.3892773533,0.3139500689,2.99874312,0.01940343237,3.195314079,6.041719592,17.80989331,0.09802538109
SK-A-684,pupil,tier1,19,7,0.1247003226,0.0742300001,2.998983147,0.001828163429,3.22736572,0.7009974776,6.230859217,0.2011934422
SK-A-684,pupil,tier1,21,0,0.1622917818,0.1132558614,2.991853259,0.004576267588,3.216668141,1.31332485,2.250720124,0.2692762951
SK-A-684,pupil,tier1,22,21,0.08577363082,0.05987414105,2.990682021,0.0008751307828,3.196758604,0.4062034743,1.624752422,0.07790599799
SK-A-684,pupil,tier1,24,14,0.2192465958,0.2120791292,2.981855547,0.00691031099,3.201286273,2.329554299,20.02597647,0.1634939578
SK-A-684,pupil,tier1,26,7,0.1379851738,0.09611718797,2.99064883,0.002617848136,3.214096756,0.889527724,9.608744716,0.08667219613
SK-A-684,pupil,tier1,28,0,0.1168383863,0.07660148437,2.981097216,0.001595652647,3.214264617,0.6442594177,2.775580334,0.2524895165
SK-A-684,pupil,tier1,29,21,0.08229000367,0.06867374442,2.991522909,0.0006909449282,3.178831735,0.3702981097,3.121969007,0.08596412994
SK-A-684,pupil,tier1,31,14,0.09351836228,0.07793542879,2.994684268,0.00107871199,3.197766873,0.5056803748,1.618822838,0.08554929009
SK-A-684,pupil,tier1,33,7,0.1055830904,0.06272226085,2.998895283,0.001153342649,3.208695972,0.5208249628,11.17297701,0.1508231446
SK-A-686,pupil,tier1,0,0,0.06307449912,0.06493788294,2.939040059,0.0009857385136,3.093173167,0.3295834272,6.632818607,0.2253834308
SK-A-686,pupil,tier1,0,2,0.045687099,0.04067145156,2.96592772,0.0005334745067,3.155108565,0.1913845472,12.55691667,0.05918957594
SK-A-686,pupil,tier1,0,5,0.07255979317,0.07267058165,2.980448533,0.001362115366,3.182991401,0.4478191673,10.31416651,0.4301768381
SK-A-686,pupil,tier1,1,1,0.05042003815,0.03272638825,2.985323309,0.0004685549121,3.172485759,0.2570697266,15.17507284,0.06438684946
SK-A-686,pupil,tier1,1,4,0.04524238874,0.03070967644,2.980030563,0.0002876123025,3.136824846,0.200635632,16.27496905,0.05401248893
SK-A-686,pupil,tier1,2,0,0.09798423127,0.1417887778,2.971956488,0.007365379093,3.177080468,1.304490639,13.35301915,0.0675699879
SK-A-686,pupil,tier1,2,2,0.1062231786,0.07738662734,2.984024262,0.001735610496,3.175928414,0.5906664114,32.95816041,0.1058441934
SK-A-686,pupil,tier1,2,5,0.05906875697,0.03816833243,2.989435624,0.0005642911264,3.183767695,0.2920478807,9.695581986,0.09468271576
SK-A-686,pupil,tier1,3,1,0.07866730761,0.086372122,2.979957413,0.001158846559,3.196813893,0.469117232,20.57098464,0.1481227366
SK-A-686,pupil,tier1,3,4,0.06205633437,0.0428173951,2.970041767,0.0004309232283,3.154725736,0.2721515547,20.53805959,0.0350031745
SK-A-686,pupil,tier1,4,0,0.06729578601,0.05608748172,2.949398204,0.001304732132,3.192883021,0.4196804198,12.45266394,0.1112840537
SK-A-686,pupil,tier1,4,2,0.11567669,0.1805429901,2.973640524,0.00277128338,3.180655752,1.08971225,14.09807766,0.07948307094
SK-A-686,pupil,tier1,4,5,0.06188847924,0.04460160324,2.987032673,0.000628030875,3.192192274,0.3203086948,8.213170272,0.1103960771
SK-A-686,pupil,tier1,5,1,0.04922264513,0.03255655487,2.951457943,0.0004653322112,3.173149496,0.2579374052,3.748658612,0.1678624202
SK-A-686,pupil,tier1,5,4,0.07639253682,0.1042719355,2.979010874,0.001210135416,3.18144398,0.5217384352,7.357565317,0.1385935943
SK-A-686,pupil,tier1,6,0,0.09856119336,0.12664203,2.923913469,0.006219326557,3.156610724,1.15923562,6.113096833,0.2404442848
SK-A-686,pupil,tier1,6,2,0.04782819632,0.03470813406,2.977421146,0.0005194488687,3.165851216,0.2926918457,1.862525016,0.3202203602
SK-A-686,pupil,tier1,6,5,0.1219600075,0.1151241548,2.942718813,0.001450906493,3.173323713,0.7170996051,23.86994937,0.1084144747
SK-A-686,pupil,tier1,7,1,0.0638218591,0.06379871412,2.982680684,0.002458330286,3.164649494,0.5128368092,3.496335244,0.2603387136
SK-A-686,pupil,tier1,7,4,0.06617394288,0.05038069465,2.99127999,0.0009882388753,3.19727597,0.3850514992,4.588477411,0.161347505
SK-A-714,pupil,tier1,0,0,0.06291866901,0.05395809094,2.983704242,0.0006690996641,3.185625795,0.3318948846,3.251641401,
SK-A-714,pupil,tier1,1,20,0.08770384783,0.06757958884,2.996761644,0.001221697926,3.211549825,0.4646012192,9.037843731,0.05029538509
SK-A-714,pupil,tier1,3,13,0.07709929818,0.0689991481,2.991938167,0.001141174513,3.190323799,0.3820710028,6.559075441,0.1222495302
SK-A-714,pupil,tier1,5,6,0.1077443451,0.1102548764,2.980903103,0.002777991366,3.198397257,0.8943600138,3.574022455,0.01258450827
SK-A-714,pupil,tier1,7,0,0.1189155321,0.1097190682,2.994063505,0.003218979411,3.206248574,0.9415427984,3.598978481,0.3305946161
SK-A-714,pupil,tier1,8,20,0.05947215556,0.04072565999,2.992361556,0.0004129215647,3.164546867,0.2596129303,13.75665672,0.04049718703
SK-A-714,pupil,tier1,10,13,0.1220203775,0.09471720617,2.998194724,0.001597369513,3.190480744,0.6864467817,24.8660754,0.1113442707
SK-A-714,pupil,tier1,12,6,0.07615965558,0.06666464281,2.987658771,0.001096006341,3.199098544,0.4806758705,3.947113742,
SK-A-714,pupil,tier1,14,0,0.09567714043,0.07591175927,2.99473841,0.001452472513,3.221635072,0.5400689158,3.709043044,0.01115027587
SK-A-714,pupil,tier1,15,20,0.1098910771,0.1023285085,2.993908055,0.002133715499,3.205884305,0.7589860817,3.120066247,0.2565101443
SK-A-714,pupil,tier1,17,13,0.104096128,0.2208033924,2.988516184,0.003405738534,3.18286718,1.3671993,2.431410325,0.4845264019
SK-A-714,pupil,tier1,19,6,0.06541235658,0.0663534479,2.974067294,0.0008302166368,3.165798776,0.301745567,0.6666251559,
SK-A-714,pupil,tier1,21,0,0.2141124006,0.1576732817,2.98733846,0.007518027921,3.214782538,2.176412474,8.790956997,0.1456135729
SK-A-714,pupil,tier1,22,20,0.08949454446,0.07734926788,2.992222032,0.001275447133,3.20534465,0.4959191778,1.004790583,
SK-A-714,pupil,tier1,24,13,0.2402567913,0.2627152901,2.979076347,0.008941087167,3.200959271,3.00998416,11.85580174,0.2183738572
SK-A-714,pupil,tier1,26,6,0.1561467605,0.1260825463,2.996002482,0.004640968719,3.208119673,1.321914103,11.75765196,0.1052705975
SK-A-714,pupil,tier1,28,0,0.1648046272,0.1662859851,2.995185102,0.005378406283,3.19849773,1.61523017,1.873873274,0.1413781643
SK-A-714,pupil,tier1,29,20,0.1486623967,0.09211610832,2.99943187,0.003200445227,3.222620349,1.01185382,15.99109881,0.09562056551
SK-A-714,pupil,tier1,31,13,0.05388799264,0.04446190005,2.970010466,0.0004333150233,3.14602263,0.1957693347,0.378037246,
SK-A-714,pupil,tier1,33,6,0.07259820586,0.05392564967,2.988797905,0.000776521281,3.204152043,0.389551822,1.256063541,
SK-A-86,pupil,tier1,0,0,0.08162462272,0.06309712955,2.97915512,0.002536782479,3.134020536,0.6843187244,2.761441667,0.0466285345
SK-A-86,pupil,tier1,1,0,0.1297518565,0.1918368499,2.981612109,0.005360650832,3.155114576,1.600793658,5.015016819,0.191476243
SK-A-86,pupil,tier1,2,0,0.0833085039,0.06343554854,2.954395268,0.002342926192,3.153712568,0.6671373662,2.840457191,0.03964310612
SK-A-86,pupil,tier1,3,0,0.09294691693,0.07028956643,2.932248519,0.003202953765,3.131496945,0.8074518415,2.834608107,0.007136417911
SK-A-86,pupil,tier1,4,0,0.0895422663,0.0724608338,2.922922538,0.003094841477,3.136691008,0.7906665616,2.846866302,0.09023271403
SK-A-86,pupil,tier1,5,0,0.0916587784,0.06364728502,2.907927266,0.002776519363,3.125691732,0.7520072669,2.864068945,
SK-A-86,pupil,tier1,6,0,0.08923879961,0.066227968,2.902467931,0.002800575167,3.12937514,0.7835662808,2.823409445,0.04787636481
SK-A-86,pupil,tier1,7,0,0.0896052495,0.07190680082,2.906402525,0.002872381413,3.14428462,0.8047734336,2.809671528,0.108616384
SK-A-86,pupil,tier1,8,0,0.09901153643,0.07448675011,2.888922688,0.003328314848,3.126144559,0.8794134649,2.889708925,0.04276015662
SK-A-86,pupil,tier1,9,0,0.09920697172,0.07468803321,2.883841145,0.003333374506,3.11653767,0.914247106,2.858642805,0.1142536943
SK-A-86,pupil,tier1,10,0,0.1035953202,0.07680633927,2.859984265,0.003924804702,3.100423927,0.9946726123,2.878576198,0.1036790414
SK-A-86,pupil,tier1,11,0,0.09919140151,0.0720674094,2.859515976,0.003398696893,3.11896227,0.8910169212,2.842007243,0.1241695932
SK-A-86,pupil,tier1,12,0,0.09409734546,0.06670098692,2.872819672,0.002894936264,3.124894407,0.7744479978,2.955196877,0.007825310494
SK-A-86,pupil,tier1,13,0,0.08832827763,0.06086612057,2.897949164,0.00239981216,3.145662304,0.6673830758,2.921559557,
SK-A-86,pupil,tier1,14,0,0.08963658635,0.06415596224,2.893458278,0.002523453143,3.142631095,0.6883651637,2.928915822,0.008120764213
SK-A-86,pupil,tier1,15,0,0.08476484162,0.05807898271,2.896550585,0.002279320382,3.139603423,0.633495263,2.86746245,0.0004190378369
SK-A-86,pupil,tier1,16,0,0.08057559528,0.05668186601,2.913674503,0.001979787286,3.151604493,0.5667043527,2.840814318,
SK-A-86,pupil,tier1,17,0,0.0725977996,0.05052725698,2.943331311,0.001424787423,3.165770643,0.4819325706,2.766455201,0.01684174265
SK-A-86,pupil,tier1,18,0,0.07152372208,0.04917704626,2.961932598,0.00147583033,3.157669777,0.4837459274,2.628753313,
SK-A-86,pupil,tier1,19,0,0.09542493332,0.07174402792,2.972456271,0.003435262032,3.114826783,0.7938104139,2.471841715,
SK-A-87,pupil,tier1,0,0,0.01487323141,0.01296703241,2.582224048,4.095632437e-05,2.328618199,0.09911865832,2.917684522,0.01456916725
SK-A-87,pupil,tier1,0,9,0.01720360624,0.02226949192,2.613280544,7.586983222e-05,2.366274562,0.1219079471,2.342978904,0.008127206035
SK-A-87,pupil,tier1,1,6,0.01620422313,0.01317858111,2.68857795,3.713253101e-05,2.326920836,0.104438764,3.16772164,0.1385532372
SK-A-87,pupil,tier1,2,3,0.01885595288,0.01309645077,2.772872969,4.795900151e-05,2.600998228,0.1376601655,2.870181938,
SK-A-87,pupil,tier1,3,0,0.01560925469,0.01237487945,2.697804141,3.590196915e-05,2.378700561,0.02779296728,3.061567771,-0
SK-A-87,pupil,tier1,3,9,0.01724980957,0.0179178608,2.728653372,4.429567684e-05,2.381819946,0.04716536793,4.022780079,0.1865333436
SK-A-87,pupil,tier1,4,6,0.01346108045,0.01179932771,2.508056238,3.068727835e-05,2.173244504,0.01612570004,2.412816542,
SK-A-87,pupil,tier1,5,3,0.01491753643,0.01406301464,2.544151681,4.164130288e-05,2.27504277,0.004817200426,3.065478102,0.07180387218
SK-A-87,pupil,tier1,6,0,0.02789151826,0.02690078264,2.944054164,7.472548085e-05,2.7686845,0.08772142396,6.233192006,0.3324264097
SK-A-87,pupil,tier1,6,9,0.01361798513,0.01307409157,2.411017711,3.234930048e-05,2.164959396,0.004783418164,2.217192325,
SK-A-87,pupil,tier1,7,6,0.01168696814,0.01051835762,2.351908137,2.568224059e-05,2.019399945,0.002885981112,2.350091549,
SK-A-87,pupil,tier1,8,3,0.03005058396,0.02388171137,2.911248078,6.975393901e-05,2.798007947,0.09607179857,8.529496761,0.1801687965
SK-A-87,pupil,tier1,9,0,0.05158082969,0.05323140669,2.977423508,0.0001807738076,2.915065857,0.2045626323,20.90544152,0.1232035175
SK-A-87,pupil,tier1,9,9,0.01237660061,0.01084818644,2.362697252,2.755902489e-05,2.071182557,0.07797854451,2.370015842,
SK-A-87,pupil,tier1,10,6,0.04706276245,0.05077972205,2.908524098,0.0001568970115,2.861904375,0.1975992823,10.02849419,0.1445487666
SK-A-87,pupil,tier1,11,3,0.026636563,0.03313433221,2.781223083,6.687506379e-05,2.578953813,0.07603764095,6.325791137,0.1702464855
SK-A-87,pupil,tier1,12,0,0.02135431237,0.01910707123,2.777911963,5.313026652e-05,2.62297567,0.07277840338,2.681069444,0.2049829306
SK-A-87,pupil,tier1,12,9,0.009732610437,0.01015249131,2.099518814,2.102641645e-05,1.796891951,0.02003498341,2.02950997,
SK-A-87,pupil,tier1,13,6,0.01354750858,0.01628571041,2.388574062,5.067921209e-05,2.1070875,0.05647981322,3.400433298,0.1302582793
SK-A-87,pupil,tier1,14,3,0.01396356634,0.0111448371,2.523645845,3.176771103e-05,2.252752562,0.04321419456,2.015739525,
SK-A-88,pupil,tier1,0,0,0.08418759579,0.05785931332,2.996447188,0.001849106518,3.192451211,0.5210674444,21.98304786,0.03246545601
SK-A-88,pupil,tier1,0,1,0.07780903818,0.05551996577,2.996145422,0.001325986985,3.205485641,0.4488881131,22.80753569,0.04497164893
SK-A-88,pupil,tier1,0,3,0.06407404208,0.04358815791,2.995070414,0.0007833684463,3.201397829,0.3420134228,24.6325077,0.06343171789
SK-A-88,pupil,tier1,1,0,0.09408267761,0.06386544417,2.990088106,0.002047760755,3.202806251,0.6198915965,22.05256861,0.03364905443
SK-A-88,pupil,tier1,1,2,0.09407721757,0.06882143336,2.99331073,0.001073313443,3.203377041,0.4763123283,48.17543957,0.09756230384
SK-A-88,pupil,tier1,1,3,0.09420351498,0.07142605645,2.990097572,0.001372096283,3.21424876,0.5309608426,32.67586224,0.1635762649
SK-A-88,pupil,tier1,2,0,0.08380421582,0.05609165496,2.992111339,0.001661046129,3.203570222,0.5348612675,21.90022319,0.05301799668
SK-A-88,pupil,tier1,2,2,0.1331808795,0.08611610593,2.980538671,0.001990728809,3.210942982,0.794477501,63.12626708,0.07787688581
SK-A-88,pupil,tier1,2,4,0.09831543611,0.06631750949,2.998371666,0.001923315884,3.208944562,0.6098531598,24.75309943,0.08141478534
SK-A-88,pupil,tier1,3,0,0.08840480698,0.06132794982,2.996894456,0.002038735966,3.193277726,0.5749972223,20.40865803,0.04048986383
SK-A-88,pupil,tier1,3,2,0.1244006278,0.08116027808,2.992836152,0.001644077805,3.18400335,0.6716593096,51.57681752,0.07246741502
SK-A-88,pupil,tier1,3,4,0.106172578,0.06841233267,2.998698527,0.002384840754,3.207756544,0.6866851343,25.05371231,0.08170072549
SK-A-88,pupil,tier1,4,1,0.09290737393,0.08756220208,2.996983626,0.00152649128,3.213222246,0.567582166,26.43275049,0.1514420999
SK-A-88,pupil,tier1,4,2,0.1084280462,0.07350605675,2.989140523,0.001875605674,3.215227569,0.6344946174,35.54492527,0.1010785481
SK-A-88,pupil,tier1,4,4,0.09777668847,0.06226378238,2.99245154,0.001639195213,3.221963677,0.5641757879,31.5662873,0.07205484514
SK-A-88,pupil,tier1,5,1,0.170922553,0.1379089886,2.969863445,0.003433844333,3.187138256,1.241488446,42.11445911,0.0827241135
SK-A-88,pupil,tier1,5,3,0.08965276312,0.05738860592,2.985588795,0.001616518099,3.216055015,0.5369062204,24.96467954,0.08800810004
SK-A-88,pupil,tier1,5,4,0.0985685362,0.06107269359,2.998652355,0.001831967429,3.220303345,0.5844206717,27.52508235,0.08333205888
SK-A-88,pupil,tier1,6,1,0.1603909607,0.1558841635,2.994951593,0.00400039015,3.217609209,1.327197799,28.19142455,0.1389392364
SK-A-88,pupil,tier1,6,3,0.09490028836,0.06130615599,2.993413002,0.002175658634,3.200277035,0.6212563248,23.46153372,0.08702690552
SK-A-89,pupil,tier1,0,0,0.07897115525,0.07097537817,2.924372768,0.002194255762,3.180216815,0.6302936805,7.183546983,0.2676734899
SK-A-89,pupil,tier1,0,1,0.07529670135,0.05193060101,2.730319869,0.001740265695,3.105835883,0.5539105596,5.566207758,0.2425298297
SK-A-89,pupil,tier1,0,2,0.074323807,0.05249479123,2.767771249,0.002011677397,3.099916182,0.6100738705,4.759117836,0.09414439962
SK-A-89,pupil,tier1,0,3,0.06988287959,0.0540877407,2.829124299,0.001600176869,3.141248634,0.5351111812,5.266861989,0.2487721453
SK-A-89,pupil,tier1,1,0,0.090238616,0.08647924464,2.967652061,0.002912434903,3.167835116,0.7979260694,8.228636516,0.2776458544
SK-A-89,pupil,tier1,1,1,0.07713748055,0.06408192429,2.781366368,0.002150579359,3.098499122,0.6044030299,5.52271639,0.1238795122
SK-A-89,pupil,tier1,1,2,0.07973331073,0.05701475987,2.764057138,0.00207043913,3.105220362,0.6275067189,5.124108469,0.1394057805
SK-A-89,pupil,tier1,1,3,0.07545190448,0.05555569323,2.770224453,0.001907143311,3.117906488,0.6168760416,4.539957806,0.1026925866
SK-A-89,pupil,tier1,2,0,0.08269534775,0.06500457201,2.979162806,0.00188975516,3.196379143,0.5844515262,9.95577576,0.2541856774
SK-A-89,pupil,tier1,2,1,0.07609090947,0.05095149402,2.822293307,0.001985703392,3.109008454,0.5820800114,7.836941206,0.1805067603
SK-A-89,pupil,tier1,2,2,0.08067671352,0.05512827737,2.806005967,0.001935094843,3.112303051,0.6060486014,5.986070853,0.3110481216
SK-A-89,pupil,tier1,2,3,0.09727961271,0.07465326959,2.931056999,0.002010193935,3.191649822,0.652292164,21.98600195,0.1957353079
SK-A-89,pupil,tier1,3,0,0.08085909895,0.05685424382,2.987495399,0.001713258586,3.197775333,0.5351394081,11.1463646,0.2374475296
SK-A-89,pupil,tier1,3,1,0.08082798724,0.05615001961,2.921458268,0.001713247817,3.171043796,0.5587321892,13.71386358,0.3245167956
SK-A-89,pupil,tier1,3,2,0.1152879991,0.1092736193,2.995220698,0.002239668168,3.218148108,0.8046581235,42.71490476,0.1475151184
SK-A-89,pupil,tier1,3,3,0.1070897686,0.09576988733,2.988774126,0.00199657193,3.212667555,0.6913325226,29.54779236,0.1997433402
SK-A-89,pupil,tier1,4,0,0.08806655385,0.09148617416,2.997192013,0.002600648792,3.212750741,0.7376877918,13.80443428,0.1631095796
SK-A-89,pupil,tier1,4,1,0.1072404939,0.09770248308,2.991670523,0.001684415766,3.220095392,0.681082759,18.15224894,0.2327303652
SK-A-89,pupil,tier1,4,2,0.1031131859,0.08636334694,2.977324702,0.001943164834,3.21262149,0.66591625,20.04523431,0.3007147008
SK-A-89,pupil,tier1,4,3,0.124780756,0.1055082536,2.991263071,0.002255522453,3.224492865,0.8279037731,21.9342423,0.17892349
SK-A-90,pupil,tier1,0,0,0.1139236971,0.0862772916,2.992684448,0.004950970521,3.111040969,1.059620513,4.341114798,0.1411170611
SK-A-90,pupil,tier1,1,1,0.120511261,0.08162464639,2.996756893,0.005186875592,3.106070176,1.093850953,4.493934259,0.1372812958
SK-A-90,pupil,tier1,2,3,0.1280139253,0.08556134573,2.992417347,0.005148816491,3.109948185,1.11915199,4.264970458,0.2909262167
SK-A-90,pupil,tier1,3,5,0.1128713713,0.08159480928,2.989322256,0.004513884494,3.116713649,1.014412414,5.736952133,0.1616301676
SK-A-90,pupil,tier1,4,7,0.09478535845,0.06556812275,2.995262413,0.002646582096,3.155493117,0.677398991,4.851163877,0.1823148098
SK-A-90,pupil,tier1,5,9,0.1180088402,0.09090763532,2.996729858,0.005338098939,3.092851668,1.127142096,4.832851807,0.2543692446
SK-A-90,pupil,tier1,6,10,0.1108524991,0.07825998982,2.997044792,0.003959589297,3.101688407,0.9350572046,4.86597673,0.2618303545
SK-A-90,pupil,tier1,7,12,0.1211518071,0.08498080865,2.99822775,0.005435876572,3.06898913,1.124676441,3.858909508,0.2405975495
SK-A-90,pupil,tier1,8,14,0.1462782931,0.1119338899,2.998799806,0.00744872673,3.069615792,1.544882213,7.858322919,0.2755410677
SK-A-90,pupil,tier1,9,16,0.1337873664,0.09836687311,2.999881284,0.006337780602,3.073593747,1.326147846,5.241911271,0.3289296946
SK-A-90,pupil,tier1,11,0,0.1281140636,0.09460799698,2.997663381,0.005558964507,3.108239602,1.192529165,5.634600138,0.2306978024
SK-A-90,pupil,tier1,12,1,0.1519390981,0.1153914959,2.999756124,0.009064484051,3.072931884,1.827182559,4.763662558,0.2773257024
SK-A-90,pupil,tier1,13,3,0.1419880879,0.09349491225,2.995393337,0.00737937097,3.065067323,1.472595529,4.005246738,0.3046409002
SK-A-90,pupil,tier1,14,5,0.1321654824,0.08038130639,2.985859098,0.004836176472,3.123368217,1.113302854,6.939679796,0.2215637966
SK-A-90,pupil,tier1,15,7,0.120490096,0.08129149347,2.993179182,0.004892627179,3.114346877,1.062265438,4.67662846,0.2214275157
SK-A-90,pupil,tier1,16,9,0.1234456978,0.08226550532,2.998740525,0.005584043855,3.064711918,1.14506764,3.337265238,0.4035520993
SK-A-90,pupil,tier1,17,10,0.1212778075,0.07445953573,2.996765712,0.004037747302,3.146962636,0.9601201898,35.66082162,0.072668494
SK-A-90,pupil,tier1,18,12,0.1516660976,0.1064078972,2.962017269,0.00635925499,3.132093646,1.406661637,24.81043311,0.1034045203
SK-A-90,pupil,tier1,19,14,0.1172978226,0.07974539957,2.999644994,0.005325854137,3.045122337,1.096342132,3.508428652,0.4489690953
SK-A-90,pupil,tier1,20,16,0.1424085956,0.1082085028,2.99913499,0.007828236778,3.022526515,1.539427203,4.683073207,0.3187777619
SK-C-107,pupil,tier1,0,0,0.1275769157,0.1213503476,2.988914971,0.004124122742,3.179356614,1.109482906,8.286243128,0.1050019749
SK-C-107,pupil,tier1,1,19,0.1093644587,0.07896775451,2.989710636,0.002027381806,3.199103468,0.6795598547,14.45175787,0.06794545321
SK-C-107,pupil,tier1,3,11,0.1366192608,0.09549115676,2.999210255,0.003303482262,3.204757857,0.9765054877,12.40827843,0.1743971749
SK-C-107,pupil,tier1,5,2,0.1248921326,0.09460396124,2.966336266,0.003768015638,3.179902052,1.009323079,7.691042261,0.1326937871
SK-C-107,pupil,tier1,6,22,0.1204896554,0.07898786651,2.995531689,0.00241422443,3.19537458,0.7719086227,17.32472827,0.04716639699
SK-C-107,pupil,tier1,8,14,0.133102487,0.09916995161,2.968625116,0.002684871038,3.221339651,0.8971887903,7.585245014,0.1911570633
SK-C-107,pupil,tier1,10,5,0.1428532091,0.09507007262,2.995378597,0.0039189437,3.191490333,1.103548414,16.57136367,0.08243885079
SK-C-107,pupil,tier1,11,25,0.09827090796,0.06308716288,2.996342406,0.001670297223,3.213544279,0.5656712911,12.15969136,0.09181461747
SK-C-107,pupil,tier1,13,16,0.1334447085,0.1158462698,2.957122475,0.002546671783,3.208757468,0.9313617254,3.09329147,0.1390493197
SK-C-107,pupil,tier1,15,8,0.14680132,0.1347636056,2.929925411,0.002833959039,3.203286936,1.108558699,3.133712318,0.1132233944
SK-C-107,pupil,tier1,17,0,0.2152326621,0.213737977,2.960651799,0.01180107826,3.142669414,3.066871537,7.634379318,0.1832193077
SK-C-107,pupil,tier1,18,19,0.1690391729,0.1746408052,2.944963535,0.004798531687,3.188758265,1.677019654,2.86350115,0.1129292731
SK-C-107,pupil,tier1,20,11,0.1729202785,0.1960082271,2.923425855,0.005651075335,3.180742146,1.920543519,3.004087642,0.129152418
SK-C-107,pupil,tier1,22,2,0.3984036487,0.3743998742,2.979817234,0.03164584194,3.159018723,8.352003063,8.629029513,0.2836811257
SK-C-107,pupil,tier1,23,22,0.3868163951,0.3293685717,2.958997279,0.03019587423,3.139026494,7.560826314,14.83645228,0.1187647995
SK-C-107,pupil,tier1,25,14,0.6466777519,0.4839743275,2.993693871,0.05952431542,3.167103535,16.8049735,15.23251915,0.1618144666
SK-C-107,pupil,tier1,27,5,0.2746169905,0.1965744531,2.978660995,0.0136119053,3.176903306,3.549440115,26.25230286,0.1596850086
SK-C-107,pupil,tier1,28,25,0.2054646839,0.166731233,2.998102889,0.008081603914,3.20802049,2.245760476,9.970116981,0.1077858636
SK-C-107,pupil,tier1,30,16,0.2450707423,0.2840164424,2.989321857,0.01311246152,3.198445867,3.798280558,10.7657118,0.1693116723
SK-C-107,pupil,tier1,32,8,0.1417350487,0.147317186,2.943443162,0.003073596554,3.207773504,1.18266452,4.116158818,0.7698644288
SK-C-127,pupil,tier1,0,0,0.07392095013,0.06707728485,2.894401496,0.0003675247902,3.01434373,0.3130447577,18.18166956,0.1105257295
SK-C-127,pupil,tier1,0,2,0.0652236526,0.07005876105,2.931331561,0.001025569122,3.081592575,0.3775739081,14.38746987,0.1069747421
SK-C-127,pupil,tier1,0,5,0.04773291994,0.03924940667,2.949587325,0.0002083018264,3.021189886,0.1865494798,11.42402595,0.1350012833
SK-C-127,pupil,tier1,1,2,0.02025784408,0.03196747974,2.651943082,6.181585883e-05,2.449275214,0.06156584538,3.040584634,0.1345097948
SK-C-127,pupil,tier1,1,4,0.03030208145,0.03072263014,2.906941615,0.0001362821554,2.835310157,0.1166521778,4.728971335,0.1756335517
SK-C-127,pupil,tier1,2,1,0.02962787835,0.05229854345,2.710844467,0.0003235735823,2.693882347,0.1798995541,3.968611184,0.1257010535
SK-C-127,pupil,tier1,2,4,0.0257141645,0.02081738063,2.882513687,7.359650254e-05,2.805904823,0.07725763104,3.43722966,0.1472846957
SK-C-127,pupil,tier1,3,0,0.05355915745,0.05763789018,2.928883359,0.0002526108743,3.033497944,0.203330856,18.7503127,0.09958775986
SK-C-127,pupil,tier1,3,3,0.03305911054,0.03817239434,2.852995987,0.0001829487971,2.831966432,0.099393721,2.872455033,0.2134969467
SK-C-127,pupil,tier1,4,0,0.05490988445,0.05773007425,2.906158266,0.0002650072076,3.045363752,0.2261185682,18.54569469,0.1106999126
SK-C-127,pupil,tier1,4,3,0.1180554336,0.1238778994,2.989931196,0.001060253376,3.057467623,0.6650322808,20.14495787,0.109176814
SK-C-127,pupil,tier1,4,5,0.08142260163,0.07647558351,2.771680768,0.0003533883466,2.990182257,0.3452765641,15.52251559,0.173789688
SK-C-127,pupil,tier1,5,2,0.0734990949,0.1056278845,2.90835352,0.0008540015883,3.102706428,0.4716145669,4.669906753,0.2160075379
SK-C-127,pupil,tier1,5,5,0.07774493293,0.08262779557,2.830643386,0.0003962516573,3.019849293,0.3506679129,10.5394265,0.09213959853
SK-C-127,pupil,tier1,6,1,0.09450744895,0.1388494426,2.946785099,0.0007610762032,2.998161499,0.5606195667,10.94815506,0.1584697446
SK-C-127,pupil,tier1,6,4,0.1302178792,0.1431059912,2.985129298,0.0009587082508,2.990620189,0.7548339414,26.43819211,0.1088118913
SK-C-127,pupil,tier1,7,1,0.06323673116,0.07361968701,2.977169233,0.000260180284,3.043290423,0.2642873444,11.18826168,0.1604056379
SK-C-127,pupil,tier1,7,3,0.09312226814,0.1241517594,2.992974348,0.000779155128,3.102368405,0.5527139919,12.20387955,0.1986952364
SK-C-127,pupil,tier1,8,0,0.04366635646,0.04013090715,2.872748287,0.0001784482375,2.982779436,0.1367155383,15.77515666,0.1525737316
SK-C-127,pupil,tier1,8,3,0.081025107,0.09335517212,2.980004184,0.002205950001,3.12037972,0.5992667748,11.26643188,0.1078832896
SK-C-128,pupil,tier1,0,0,0.04747456507,0.03531715393,2.974068064,0.0002485465302,3.071919178,0.2047146525,12.76515351,0.07674490866
SK-C-128,pupil,tier1,0,4,0.07939175425,0.06726107108,2.976640441,0.0004524311056,3.069007822,0.3403935258,17.75071667,0.1387525462
SK-C-128,pupil,tier1,1,0,0.06759302481,0.05134024882,2.994743781,0.0003611383926,3.09971454,0.2715768809,17.3347327,0.06676580386
SK-C-128,pupil,tier1,1,4,0.06438170439,0.058675162,2.968341031,0.0003567809971,3.051036298,0.2670416498,13.93968108,0.1368601051
SK-C-128,pupil,tier1,2,0,0.08223755685,0.05867132976,2.994154976,0.000505219949,3.130406065,0.3532328874,19.13642279,0.1003787506
SK-C-128,pupil,tier1,2,4,0.03087688573,0.03033044343,2.932401983,0.000137148184,2.92448374,0.1435846734,10.87946895,0.06739817985
SK-C-128,pupil,tier1,3,0,0.07214381495,0.049632247,2.977687084,0.000394295289,3.108249124,0.2964310166,13.68572818,0.07606041659
SK-C-128,pupil,tier1,3,4,0.0506488281,0.04906346888,2.952269318,0.0001994428706,3.009058734,0.2192877198,15.51862292,0.07253554973
SK-C-128,pupil,tier1,4,0,0.05714952986,0.04108436184,2.982364462,0.0003310650303,3.112046797,0.241337177,11.14626312,0.1186977315
SK-C-128,pupil,tier1,4,4,0.1018939348,0.07338497442,2.991735256,0.0009266288723,3.143038802,0.4979371049,33.09494022,0.05660809284
SK-C-128,pupil,tier1,5,0,0.09386394554,0.1026158851,2.959990626,0.0009230575798,3.088087722,0.5320749816,17.12775219,0.1298651825
SK-C-128,pupil,tier1,5,4,0.110077979,0.09897650107,2.998241097,0.0008983711058,3.082776142,0.5576642193,28.08149239,0.110504046
SK-C-128,pupil,tier1,6,0,0.1086342485,0.09663491351,2.991518195,0.0008730900794,3.105433675,0.5332312358,12.76766602,0.1916065301
SK-C-128,pupil,tier1,6,4,0.1476384484,0.09663521579,2.973614775,0.001832446941,3.155740086,0.8230540666,31.26603751,0.06800783862
SK-C-128,pupil,tier1,7,0,0.1368483756,0.1354261415,2.937588524,0.001019997325,3.06042763,0.7675865201,16.12078154,0.1766356727
SK-C-128,pupil,tier1,7,4,0.09901182759,0.08582235956,2.999074911,0.001016016124,3.127750572,0.5113808687,22.27839836,0.2058966588
SK-C-128,pupil,tier1,8,0,0.1711692505,0.1575798458,2.923517344,0.001481668871,3.026190102,1.050250815,25.78610982,0.2282807402
SK-C-128,pupil,tier1,8,4,0.09463781765,0.07686503426,2.989156651,0.0005506794465,3.078591928,0.4088353377,30.69710286,0.09152788996
SK-C-128,pupil,tier1,9,0,0.09865704293,0.1026483774,2.993560469,0.0007364256813,3.133849244,0.5068426347,11.50639235,0.1710915617
SK-C-128,pupil,tier1,9,4,0.08560046152,0.08276277943,2.990850696,0.0005653123478,3.110415686,0.4034622314,14.91806317,0.1628657776
SK-C-1467,pupil,tier2,0,0,0.09695548869,0.09240408223,2.943839097,0.001566498778,3.206514042,0.5855486239,3.636038785,0.1361111271
SK-C-1467,pupil,tier2,1,12,0.05831209341,0.04296950366,2.963150631,0.0004593730289,3.170851057,0.2309955257,2.742070726,0.1677517994
SK-C-1467,pupil,tier2,3,0,0.1335728648,0.1218921187,2.912523575,0.003195058322,3.212629025,1.076870261,4.138941872,0.1426668728
SK-C-1467,pupil,tier2,4,12,0.05422066801,0.04050968483,2.980285996,0.0004017539524,3.164163831,0.1639143132,2.64775951,0.1396700975
SK-C-1467,pupil,tier2,6,0,0.07646276773,0.07314265097,2.995349179,0.0009258192462,3.191323816,0.4172669399,4.418629816,0.1287534207
SK-C-1467,pupil,tier2,7,12,0.04766570366,0.03215227971,2.989944294,0.0002971144217,3.140626404,0.2032541327,3.221884435,0.09974339378
SK-C-1467,pupil,tier2,9,0,0.06800182191,0.0484179041,2.981321567,0.0005908857847,3.184730406,0.2759925229,4.176469475,0.1213992722
SK-C-1467,pupil,tier2,10,12,0.04912449741,0.03895394279,2.987619363,0.0003129329447,3.140093414,0.1778972419,4.910897448,0.2643576503
SK-C-1467,pupil,tier2,12,0,0.06624126023,0.04942257944,2.991139197,0.0006207186412,3.183639917,0.2680346981,4.606009255,0.1167890618
SK-C-1467,pupil,tier2,13,12,0.09172144665,0.07711945927,2.975401803,0.001110942407,3.169759435,0.4971439725,25.78816415,0.03028968444
SK-C-1467,pupil,tier2,15,0,0.05369090634,0.0380580209,2.984130627,0.000399655624,3.157292076,0.2647907001,4.444046884,0.08615949784
SK-C-1467,pupil,tier2,16,12,0.04886648393,0.03424903064,2.982004091,0.0002939965986,3.129639241,0.1724379532,4.489547548,0.1244327133
SK-C-1467,pupil,tier2,18,0,0.05847901435,0.06928130697,2.985616158,0.0006363682221,3.163779436,0.3782891912,4.459565127,0.07409655934
SK-C-1467,pupil,tier2,19,12,0.05236618354,0.03767245125,2.990068122,0.0003376586275,3.142361215,0.2052080987,3.712143799,0.139263248
SK-C-1467,pupil,tier2,21,0,0.06009129931,0.0414892093,2.989410655,0.0004411578474,3.175221788,0.2288909659,5.11002314,0.1162692045
SK-C-1467,pupil,tier2,22,12,0.05289076916,0.03654804193,2.986415963,0.0003174619158,3.137756967,0.1988419441,3.496854114,0.1495184652
SK-C-1467,pupil,tier2,24,0,0.04467454541,0.03454860383,2.984615493,0.0002861891682,3.125369515,0.2399563083,5.087311934,0.08377332177
SK-C-1467,pupil,tier2,25,12,0.1695457825,0.1356913972,2.958245558,0.003220170621,3.186273019,1.207096302,16.99360613,0.07734780556
SK-C-1467,pupil,tier2,27,0,0.05489681437,0.0330452538,2.992218101,0.0003209240318,3.153548774,0.2572864586,8.112533152,0.08927840162
SK-C-1467,pupil,tier2,28,12,0.05981046074,0.04200951551,2.990838733,0.0004629483473,3.174611521,0.3006024503,3.040586497,0.3641049188
SK-C-152,pupil,tier1,0,0,0.1655407634,0.1415179854,2.962436876,0.01266421943,3.007921958,2.290347282,14.06590766,0.1340606363
SK-C-152,pupil,tier1,1,0,0.152946315,0.1353935373,2.986786845,0.01149537644,2.973477081,2.09786421,9.705870067,0.1663916468
SK-C-152,pupil,tier1,2,0,0.1308313883,0.1120982275,2.981779054,0.008121755518,3.036755763,1.548824678,9.917864872,0.1821634877
SK-C-152,pupil,tier1,3,0,0.1550621439,0.1378080144,2.978594086,0.0130368709,2.974869226,2.318908833,9.595516822,0.2016208668
SK-C-152,pupil,tier1,4,0,0.1361720787,0.1097070446,2.988186227,0.01044576282,2.992281448,1.855378812,9.784706437,0.2223988536
SK-C-152,pupil,tier1,5,0,0.128158847,0.09348196448,2.99228234,0.007618226899,3.037219175,1.444008303,9.847309719,0.2623914984
SK-C-152,pupil,tier1,6,0,0.1191166066,0.09304703346,2.995008392,0.006729857743,3.064372877,1.279524421,13.202556,0.398007929
SK-C-152,pupil,tier1,7,0,0.1365968502,0.1115425365,2.995202205,0.007838478013,3.074280915,1.537513701,19.5042593,0.2806781632
SK-C-152,pupil,tier1,8,0,0.1292284362,0.1033940451,2.994380506,0.00668210232,3.082154543,1.36128778,13.7879503,0.2622315491
SK-C-152,pupil,tier1,9,0,0.1192242512,0.09146869098,2.995679391,0.005397612287,3.112240482,1.12441902,17.62585392,0.1159535431
SK-C-152,pupil,tier1,10,0,0.1006940256,0.0889207186,2.997134398,0.005516024471,3.107047811,1.061473807,6.145556169,0.1648511389
SK-C-152,pupil,tier1,11,0,0.1062146499,0.08351090102,2.995164777,0.004854869248,3.09573925,1.008045358,5.432163638,0.1813173653
SK-C-152,pupil,tier1,12,0,0.1007871358,0.07313949952,2.998394071,0.003621051316,3.116836946,0.8227266039,6.408249766,0.1606244074
SK-C-152,pupil,tier1,13,0,0.09880548759,0.08675227789,2.998479924,0.004784358642,3.109338286,0.9683868595,7.017915807,0.1569497849
SK-C-152,pupil,tier1,14,0,0.09716957281,0.07879059924,2.997377978,0.004167233448,3.105857768,0.8652824948,7.426197883,0.1746619532
SK-C-152,pupil,tier1,15,0,0.09575556391,0.0749149045,2.997429787,0.003717092241,3.107282904,0.8337272345,6.814981416,0.143255822
SK-C-152,pupil,tier1,16,0,0.1051979776,0.0829921359,2.99749227,0.004823583991,3.076270091,0.9867823521,8.976266485,0.1207100746
SK-C-152,pupil,tier1,17,0,0.1032718746,0.0767607549,2.997013404,0.004471949733,3.07989007,0.890852364,9.368185357,0.120544349
SK-C-152,pupil,tier1,18,0,0.1119325325,0.08385653209,2.996853063,0.005205744265,3.06721704,1.042162665,9.464785846,0.116236046
SK-C-152,pupil,tier1,19,0,0.1279645613,0.100477672,2.992789755,0.008116633519,3.026633476,1.427292464,8.637013781,0.1301295401
SK-C-176,pupil,tier1,0,0,0.0969698822,0.07514503959,2.990990984,0.00280082234,3.201723441,0.7061231476,11.35520114,0.1349706621
SK-C-176,pupil,tier1,0,6,0.07612612666,0.04728620429,2.972798431,0.001068338203,3.204401728,0.4079773434,17.72024185,0.06451397079
SK-C-176,pupil,tier1,1,2,0.1085691327,0.07031120108,2.985684179,0.003080106564,3.171934721,0.7995228443,13.47674123,0.1034134725
SK-C-176,pupil,tier1,1,8,0.1288301787,0.1055610555,2.96187275,0.002216641619,3.194515069,0.8153258862,22.46509838,0.08910865514
SK-C-176,pupil,tier1,2,4,0.136786047,0.08575070383,2.975021113,0.005484546298,3.131189751,1.161460069,10.51109059,0.05988461677
SK-C-176,pupil,tier1,3,0,0.1153393445,0.06916457433,2.973944994,0.003200509687,3.179944407,0.8294968695,14.47631142,0.06175646148
SK-C-176,pupil,tier1,3,6,0.09889000245,0.1059758112,2.964004972,0.0012650931,3.176172491,0.584810444,12.61793534,0.1303791569
SK-C-176,pupil,tier1,4,2,0.08254648634,0.05065865639,2.982401269,0.001453937364,3.195880161,0.4740697866,11.8737748,0.06735795592
SK-C-176,pupil,tier1,4,8,0.09248385409,0.06823055693,2.915465427,0.001459409666,3.191000403,0.507083765,13.22347381,0.09145335746
SK-C-176,pupil,tier1,5,4,0.09794588706,0.1086666693,2.971328524,0.002490294229,3.19257136,0.7524336742,45.55836458,0.06617787953
SK-C-176,pupil,tier1,6,0,0.07870631723,0.06365895677,2.988538954,0.001742393764,3.194926565,0.5227266039,9.646299742,0.1199166803
SK-C-176,pupil,tier1,6,6,0.1907657843,0.1597791568,2.9970635,0.004850305277,3.194929089,1.602683588,23.4994275,0.1556921258
SK-C-176,pupil,tier1,7,2,0.1239800266,0.1058933842,2.947021935,0.004992749556,3.190568629,1.134835593,11.98427876,0.1586202723
SK-C-176,pupil,tier1,7,8,0.1221436704,0.08786153888,2.93320518,0.002413001572,3.201852867,0.7789013258,15.54633345,0.1863489603
SK-C-176,pupil,tier1,8,4,0.1755430037,0.1398033448,2.994451366,0.005729577248,3.20990733,1.5525917,19.65125549,0.1133352519
SK-C-176,pupil,tier1,9,0,0.1115320834,0.103824511,2.988698596,0.004904438012,3.164248867,1.060758524,10.53171011,0.1586724341
SK-C-176,pupil,tier1,9,6,0.09422719883,0.09465600297,2.995276975,0.003200939333,3.198135426,0.7793033347,8.300222056,0.1544738147
SK-C-176,pupil,tier1,10,2,0.1497272683,0.1132104856,2.997672503,0.007148767632,3.16544439,1.52033024,13.77936138,0.1681195722
SK-C-176,pupil,tier1,10,8,0.1344471563,0.09511412405,2.977835648,0.004180733619,3.193940756,1.054656847,18.48560137,0.107805031
SK-C-176,pupil,tier1,11,4,0.1182552388,0.08783692122,2.973740693,0.002061584705,3.206893999,0.7328241971,23.56080148,0.1292496899
SK-C-1768,cohort,,0,0,0.0847562714,0.06491187808,2.994384381,0.003978234316,3.060400958,0.7505876612,1.121915164,
SK-C-1768,cohort,,3,1,0.07163319961,0.05597019078,2.987564053,0.002370590454,3.137957244,0.5839548519,1.05583561,
SK-C-1768,cohort,,6,3,0.1002186356,0.07732810702,2.996024534,0.005622128144,3.033431043,1.00676944,2.515030446,
SK-C-1768,cohort,,9,5,0.08041421607,0.0699486233,2.994749796,0.003965445551,3.101715424,0.7680505383,1.208946487,0.1157532725
SK-C-1768,cohort,,12,7,0.0677664062,0.05487762815,2.991699432,0.0018207237,3.152179006,0.5195738931,1.128250377,
SK-C-1768,cohort,,15,9,0.04876176288,0.04558726668,2.976265953,0.001094587141,3.1284571,0.3321752774,1.008333123,0.1903817152
SK-C-1768,cohort,,18,11,0.09369300533,0.2067124533,2.944404171,0.008287033741,3.053505993,1.676768013,4.982377247,0.1762165864
SK-C-1768,cohort,,21,13,0.2269238418,0.2470072558,2.998241917,0.02100382011,3.117805009,3.862139318,22.88665207,0.2366870015
SK-C-1768,cohort,,24,15,0.05530847619,0.06258828806,2.975295269,0.002286865082,3.13239447,0.5479054247,1.077515163,0.007955217023
SK-C-1768,cohort,,27,17,0.1027089816,0.1210885505,2.98474649,0.004894835021,3.149247017,1.138724982,1.512658178,0.007503518715
SK-C-1768,cohort,,30,19,0.1032372398,0.08475862311,2.996654983,0.005884255389,3.068902665,1.064770731,2.096305638,
SK-C-1768,cohort,,33,21,0.0857897057,0.1082847021,2.981235159,0.005543024735,3.100601141,0.9727374893,3.516896669,0.1033442192
SK-C-1768,cohort,,36,23,0.09261221938,0.1066116299,2.980920686,0.006700128521,3.088556363,1.125346606,1.334170447,0.5328154713
SK-C-1768,cohort,,39,25,0.05491818228,0.06284855946,2.91828187,0.003554483932,2.982105959,0.5567398616,0.9866020537,
SK-C-1768,cohort,,42,27,0.03395432369,0.0394868111,2.875169258,0.000778616984,2.939585895,0.1811470204,0.8896233145,
SK-C-1768,cohort,,45,29,0.04170777424,0.04599501843,2.946968621,0.001331084629,3.050385034,0.24689526,0.8694965799,
SK-C-1768,cohort,,48,31,0.04282827448,0.04411720727,2.957251098,0.00122339211,3.073594263,0.3067761963,0.9759591702,0.009980529332
SK-C-1768,cohort,,51,33,0.04862699983,0.05161333839,2.962471352,0.001638182748,3.084919525,0.3588571836,0.9626704138,
SK-C-1768,cohort,,54,35,0.04826223299,0.05520029268,2.912094925,0.002312853213,2.972570994,0.4228807261,0.9591279289,
SK-C-1768,cohort,,57,37,0.1181780206,0.09140485303,2.997278071,0.01381518319,2.843448353,1.776990376,2.036204645,0.3297417086
SK-C-1802,pupil,tier1,0,0,0.08603777913,0.07236342573,2.990298775,0.0009315077355,3.193468525,0.4161166164,3.33084391,0.1937704485
SK-C-1802,pupil,tier1,2,12,0.09507984471,0.08021866995,2.996200512,0.001285467487,3.202302,0.5330443824,6.882450768,0.1812278006
SK-C-1802,pupil,tier1,4,24,0.1311099834,0.09111826733,2.99609775,0.00267609623,3.213857307,0.8463529421,11.59560372,0.08975243004
SK-C-1802,pupil,tier1,7,1,0.07394162843,0.08557213355,2.984654077,0.0008886605268,3.177436157,0.3876712761,4.317178705,0.1519251397
SK-C-1802,pupil,tier1,9,14,0.05876176798,0.05974519927,2.978844911,0.000670964896,3.164389579,0.353517259,8.809108523,0.07787034502
SK-C-1802,pupil,tier1,11,26,0.1037334853,0.0940147546,2.995299929,0.002292725822,3.209334784,0.7131431767,11.38804933,0.1062351163
SK-C-1802,pupil,tier1,14,3,0.07616637861,0.08780531699,2.991472181,0.001056269727,3.184708206,0.4555108629,5.283799525,0.2023642663
SK-C-1802,pupil,tier1,16,15,0.1090805347,0.07394071162,2.997402728,0.002051250166,3.20347222,0.6616627629,20.85349182,0.1217135998
SK-C-1802,pupil,tier1,18,28,0.1041381,0.07976301798,2.998337232,0.001880356552,3.216371191,0.6307105536,11.14056567,0.1647386271
SK-C-1802,pupil,tier1,21,5,0.1171298433,0.1012238395,2.989157334,0.002983616162,3.210596181,0.8710458988,13.949892,0.114811167
SK-C-1802,pupil,tier1,23,17,0.11703604,0.0868885536,2.981725537,0.003189309321,3.188393066,0.858398946,22.84153987,0.07309715435
SK-C-1802,pupil,tier1,25,29,0.07269150591,0.0736527138,2.989317245,0.001255939081,3.191038122,0.4967781481,13.84618063,0.06196443726
SK-C-1802,pupil,tier1,28,7,0.1426108205,0.08868578822,2.998096718,0.006740005184,3.103662925,1.410707776,37.93420163,0.05444922367
SK-C-1802,pupil,tier1,30,19,0.1609471474,0.1102397605,2.989169044,0.004109771737,3.204070809,1.20493236,11.58649227,0.1575140577
SK-C-1802,pupil,tier1,32,31,0.1393301763,0.09905923888,2.998024046,0.003193081277,3.210919816,0.9755160428,11.40068207,0.1191453027
SK-C-1802,pupil,tier1,35,8,0.09414196003,0.05776278681,2.975574938,0.001737228915,3.192643088,0.5484027746,37.5406685,0.03681274822
SK-C-1802,pupil,tier1,37,21,0.132945256,0.0981772532,2.998506181,0.002415870076,3.211368451,0.8432522559,14.00145617,0.08950311018
SK-C-1802,pupil,tier1,39,33,0.09116058,0.07040744818,2.996329709,0.001086635512,3.202209479,0.4997404021,9.447303629,0.09145685712
SK-C-1802,pupil,tier1,42,10,0.07701728659,0.0574956072,2.998666543,0.001016850549,3.19409499,0.4034060027,19.10853997,0.07477862271
SK-C-1802,pupil,tier1,44,22,0.09324435101,0.05658588255,2.990541597,0.001831447627,3.184648227,0.554241851,37.91963073,0.03564808774
SK-C-597,cohort,,0,0,0.03063654023,0.02376813653,2.912613176,0.0001018283672,2.920538255,0.1159545366,4.316630398,0.2535657155
SK-C-597,cohort,,1,14,0.02202201868,0.02077649889,2.774193109,6.673337369e-05,2.666710094,0.02930813927,0.2875283819,
SK-C-597,cohort,,3,4,0.007758792475,0.01074415455,1.646131145,1.746678075e-05,1.463085436,0.0006735432338,0.07301219065,
SK-C-597,cohort,,4,19,0.04419441694,0.0305373086,2.958369061,0.0001997392798,3.082868453,0.1781984295,0.4701869811,
SK-C-597,cohort,,6,9,0.02731244428,0.02707759225,2.831687924,0.0001194632695,2.84568619,0.0984283741,0.2580565804,
SK-C-597,cohort,,8,0,0.02895887022,0.02783125895,2.82417717,0.0001196451882,2.859376218,0.2230223864,1.20969038,
SK-C-597,cohort,,9,14,0.07788629733,0.05608689192,2.996182579,0.0004706255532,3.073510485,0.3283628365,21.93059305,0.09699339444
SK-C-597,cohort,,11,4,0.01458350126,0.02559689716,2.131098653,5.78399032e-05,2.088778265,0.05985511163,0.3518192816,
SK-C-597,cohort,,12,19,0.05649258349,0.03904147592,2.985764984,0.000386366677,3.159507298,0.2476668468,5.940047737,0.1541809441
SK-C-597,cohort,,14,9,0.02658304396,0.02518492665,2.833310689,0.000104874402,2.80596446,0.1232595379,1.725496064,0.1531020699
SK-C-597,cohort,,16,0,0.02471974641,0.02361286241,2.757528519,8.435024872e-05,2.712875507,0.073745552,3.780885359,0.1680788826
SK-C-597,cohort,,17,14,0.1178448887,0.08245838255,2.975973023,0.001271884559,3.166593143,0.6122751978,14.30044283,0.06047569505
SK-C-597,cohort,,19,4,0.01483774334,0.01805222438,2.378144866,5.293422063e-05,2.232045456,0.01425986817,1.214586399,
SK-C-597,cohort,,20,19,0.3130829224,0.2634420582,2.993966222,0.008041413523,3.128337348,3.382998814,8.433110182,0.1174628527
SK-C-597,cohort,,22,9,0.07328286598,0.09072625161,2.984544974,0.00107005597,3.189962113,0.4906631083,0.9175353706,0.08035449711
SK-C-597,cohort,,24,0,0.02093992491,0.01761465995,2.608803282,5.286483739e-05,2.55498422,0.06290129574,7.143518632,0.1333845078
SK-C-597,cohort,,25,14,0.02189426199,0.03110368144,2.593295446,0.0001389544417,2.509950788,0.0993046109,0.06290814945,
SK-C-597,cohort,,27,4,0.02133129757,0.02106371955,2.753444627,9.201001752e-05,2.691448165,0.04546709608,3.671492689,
SK-C-597,cohort,,28,19,0.1030741698,0.07388686589,2.958784133,0.0009487354267,3.136811751,0.4934845277,15.84147554,0.2032673648
SK-C-597,cohort,,30,9,0.06643772289,0.05670901732,2.987883174,0.00049937947,3.152418912,0.2862254703,3.131062927,0.2555109131
